,InvoiceNo,StockCode,Description,Quantity,InvoiceDate,UnitPrice,CustomerID,Country
541172,549687,20685,DOORMAT RED RETROSPOT,2,2011-04-11 13:29:00,7.95,12363,Unspecified
541173,549687,22691,DOORMAT WELCOME SUNRISE,2,2011-04-11 13:29:00,7.95,12363,Unspecified
541174,549687,48116,DOORMAT MULTICOLOUR STRIPE,2,2011-04-11 13:29:00,7.95,12363,Unspecified
541175,549687,21213,PACK OF 72 SKULL CAKE CASES,24,2011-04-11 13:29:00,0.55,12363,Unspecified
541176,549687,21977,PACK OF 60 PINK PAISLEY CAKE CASES,24,2011-04-11 13:29:00,0.55,12363,Unspecified
541177,549687,21976,PACK OF 60 MUSHROOM CAKE CASES,24,2011-04-11 13:29:00,0.55,12363,Unspecified
541178,549687,21212,PACK OF 72 RETROSPOT CAKE CASES,24,2011-04-11 13:29:00,0.55,12363,Unspecified
541179,549687,84992,72 SWEETHEART FAIRY CAKE CASES,24,2011-04-11 13:29:00,0.55,12363,Unspecified
541180,549687,84991,60 TEATIME FAIRY CAKE CASES,24,2011-04-11 13:29:00,0.55,12363,Unspecified
541181,549687,21974,SET OF 36 PAISLEY FLOWER DOILIES,12,2011-04-11 13:29:00,1.45,12363,Unspecified
541182,549687,21973,SET OF 36 MUSHROOM PAPER DOILIES,12,2011-04-11 13:29:00,1.45,12363,Unspecified
541183,549687,21211,SET OF 72 SKULL PAPER  DOILIES,12,2011-04-11 13:29:00,1.45,12363,Unspecified
541184,549687,21124,SET/10 BLUE POLKADOT PARTY CANDLES,24,2011-04-11 13:29:00,1.25,12363,Unspecified
541185,549687,21122,SET/10 PINK POLKADOT PARTY CANDLES,24,2011-04-11 13:29:00,1.25,12363,Unspecified
541186,549687,21123,SET/10 IVORY POLKADOT PARTY CANDLES,24,2011-04-11 13:29:00,1.25,12363,Unspecified
541187,549687,21121,SET/10 RED POLKADOT PARTY CANDLES,24,2011-04-11 13:29:00,1.25,12363,Unspecified
541188,552695,22953,BIRTHDAY PARTY CORDON BARRIER TAPE,24,2011-05-10 15:31:00,1.25,16320,Unspecified
541189,552695,23078,ICE CREAM PEN LIP GLOSS ,24,2011-05-10 15:31:00,1.25,16320,Unspecified
541190,552695,22619,SET OF 6 SOLDIER SKITTLES,4,2011-05-10 15:31:00,3.75,16320,Unspecified
541191,552695,21888,BINGO SET,8,2011-05-10 15:31:00,3.75,16320,Unspecified
541192,552695,21890,S/6 WOODEN SKITTLES IN COTTON BAG,6,2011-05-10 15:31:00,3.25,16320,Unspecified
541193,552695,22620,4 TRADITIONAL SPINNING TOPS,12,2011-05-10 15:31:00,1.45,16320,Unspecified
541194,552695,21891,TRADITIONAL WOODEN SKIPPING ROPE,12,2011-05-10 15:31:00,1.45,16320,Unspecified
541195,552695,21705,BAG 500g SWIRLY MARBLES,12,2011-05-10 15:31:00,1.65,16320,Unspecified
541196,552695,21704,BAG 250g SWIRLY MARBLES,12,2011-05-10 15:31:00,0.85,16320,Unspecified
541197,552695,21703,BAG 125g SWIRLY MARBLES,12,2011-05-10 15:31:00,0.42,16320,Unspecified
541198,552695,22621,TRADITIONAL KNITTING NANCY,12,2011-05-10 15:31:00,1.65,16320,Unspecified
541199,552695,22150,3 STRIPEY MICE FELTCRAFT,6,2011-05-10 15:31:00,1.95,16320,Unspecified
541200,552695,23127,FELTCRAFT GIRL NICOLE KIT,4,2011-05-10 15:31:00,4.95,16320,Unspecified
541201,552695,23126,FELTCRAFT GIRL AMELIE KIT,4,2011-05-10 15:31:00,4.95,16320,Unspecified
541202,552695,20972,PINK CREAM FELT CRAFT TRINKET BOX ,12,2011-05-10 15:31:00,1.25,16320,Unspecified
541203,552695,22149,FELTCRAFT 6 FLOWER FRIENDS,12,2011-05-10 15:31:00,2.1,16320,Unspecified
541204,552695,22752,SET 7 BABUSHKA NESTING BOXES,4,2011-05-10 15:31:00,8.5,16320,Unspecified
541205,552695,22758,LARGE PURPLE BABUSHKA NOTEBOOK  ,12,2011-05-10 15:31:00,1.25,16320,Unspecified
541206,552695,22754,SMALL RED BABUSHKA NOTEBOOK ,12,2011-05-10 15:31:00,0.85,16320,Unspecified
541207,552695,22584,PACK OF 6 PANNETONE GIFT BOXES,12,2011-05-10 15:31:00,2.55,16320,Unspecified
541208,552695,22585,PACK OF 6 BIRDY GIFT TAGS,12,2011-05-10 15:31:00,1.25,16320,Unspecified
541209,552695,22815,CARD PSYCHEDELIC APPLES,12,2011-05-10 15:31:00,0.42,16320,Unspecified
541210,552695,16161U,WRAP SUKI AND FRIENDS,25,2011-05-10 15:31:00,0.42,16320,Unspecified
541211,552695,22707,WRAP MONSTER FUN ,25,2011-05-10 15:31:00,0.42,16320,Unspecified
541212,552695,22711,WRAP CIRCUS PARADE,25,2011-05-10 15:31:00,0.42,16320,Unspecified
541213,552695,22985,WRAP BILLBOARD FONTS DESIGN,25,2011-05-10 15:31:00,0.42,16320,Unspecified
541214,552695,22048,BIRTHDAY BANQUET GIFT WRAP,25,2011-05-10 15:31:00,0.42,16320,Unspecified
541215,552695,22986,GINGHAM ROSE WRAP,25,2011-05-10 15:31:00,0.42,16320,Unspecified
541216,552695,23233,WRAP POPPIES  DESIGN,25,2011-05-10 15:31:00,0.42,16320,Unspecified
541217,552695,23232,WRAP VINTAGE PETALS  DESIGN,25,2011-05-10 15:31:00,0.42,16320,Unspecified
541218,552695,22653,BUTTON BOX ,10,2011-05-10 15:31:00,1.95,16320,Unspecified
541219,552695,22652,TRAVEL SEWING KIT,10,2011-05-10 15:31:00,1.65,16320,Unspecified
541220,552695,22960,JAM MAKING SET WITH JARS,12,2011-05-10 15:31:00,3.75,16320,Unspecified
541221,552695,22989,SET 2 PANTRY DESIGN TEA TOWELS,6,2011-05-10 15:31:00,3.25,16320,Unspecified
541222,552695,22993,SET OF 4 PANTRY JELLY MOULDS,12,2011-05-10 15:31:00,1.25,16320,Unspecified
541223,552695,22924,FRIDGE MAGNETS LA VIE EN ROSE,12,2011-05-10 15:31:00,0.85,16320,Unspecified
541224,552695,23159,SET OF 5 PANCAKE DAY MAGNETS,12,2011-05-10 15:31:00,2.08,16320,Unspecified
541225,552695,21908,CHOCOLATE THIS WAY METAL SIGN,12,2011-05-10 15:31:00,2.1,16320,Unspecified
541226,552695,82582,AREA PATROLLED METAL SIGN,12,2011-05-10 15:31:00,2.1,16320,Unspecified
541227,552695,22413,METAL SIGN TAKE IT OR LEAVE IT ,6,2011-05-10 15:31:00,2.95,16320,Unspecified
541228,552695,21907,I'M ON HOLIDAY METAL SIGN,12,2011-05-10 15:31:00,2.1,16320,Unspecified
541229,552695,71459,HANGING JAM JAR T-LIGHT HOLDER,24,2011-05-10 15:31:00,0.85,16320,Unspecified
541230,552695,22485,SET OF 2 WOODEN MARKET CRATES,2,2011-05-10 15:31:00,12.75,16320,Unspecified
541231,552695,82482,WOODEN PICTURE FRAME WHITE FINISH,6,2011-05-10 15:31:00,2.55,16320,Unspecified
541232,552695,84879,ASSORTED COLOUR BIRD ORNAMENT,16,2011-05-10 15:31:00,1.69,16320,Unspecified
541233,552695,21497,FANCY FONTS BIRTHDAY WRAP,25,2011-05-10 15:31:00,0.42,16320,Unspecified
541234,552695,23231,WRAP DOILEY DESIGN,25,2011-05-10 15:31:00,0.42,16320,Unspecified
541235,553857,23090,VINTAGE GLASS T-LIGHT HOLDER,12,2011-05-19 13:30:00,0.83,,Unspecified
541236,553857,47021G,SET/6 BEAD COASTERS GAUZE BAG GOLD,48,2011-05-19 13:30:00,0.39,,Unspecified
541237,553857,79030D,TUMBLER BAROQUE,24,2011-05-19 13:30:00,0.39,,Unspecified
541238,553857,84877A,PINK ROUND COMPACT MIRROR,24,2011-05-19 13:30:00,1.25,,Unspecified
541239,553857,22178,VICTORIAN GLASS HANGING T-LIGHT,12,2011-05-19 13:30:00,1.25,,Unspecified
541240,553857,84913B,MINT GREEN ROSE TOWEL,8,2011-05-19 13:30:00,4.65,,Unspecified
541241,553857,85125,SMALL ROUND CUT GLASS CANDLESTICK,3,2011-05-19 13:30:00,4.95,,Unspecified
541242,553857,21380,WOODEN HAPPY BIRTHDAY GARLAND,6,2011-05-19 13:30:00,2.95,,Unspecified
541243,553857,47590A,BLUE HAPPY BIRTHDAY BUNTING,3,2011-05-19 13:30:00,5.45,,Unspecified
541244,553857,47590B,PINK HAPPY BIRTHDAY BUNTING,3,2011-05-19 13:30:00,5.45,,Unspecified
541245,553857,47369A,PINK GREEN EMBROIDERY COSMETIC BAG,6,2011-05-19 13:30:00,2.95,,Unspecified
541246,557499,23122,PARTY CHARMS 50 PIECES,12,2011-06-20 15:25:00,0.83,16320,Unspecified
541247,557499,23119,PACK OF 6 LARGE FRUIT STRAWS ,36,2011-06-20 15:25:00,0.62,16320,Unspecified
541248,557499,23108,SET OF 10 LED DOLLY LIGHTS,4,2011-06-20 15:25:00,6.25,16320,Unspecified
541249,557499,23240,SET OF 4 KNICK KNACK TINS DOILEY ,6,2011-06-20 15:25:00,4.15,16320,Unspecified
541250,557499,23237,SET OF 4 KNICK KNACK TINS LEAVES ,6,2011-06-20 15:25:00,4.15,16320,Unspecified
541251,557499,23239,SET OF 4 KNICK KNACK TINS POPPIES,6,2011-06-20 15:25:00,4.15,16320,Unspecified
541252,557499,23245,SET OF 3 REGENCY CAKE TINS,4,2011-06-20 15:25:00,4.95,16320,Unspecified
541253,557499,22627,MINT KITCHEN SCALES,2,2011-06-20 15:25:00,8.5,16320,Unspecified
541254,557499,22625,RED KITCHEN SCALES,2,2011-06-20 15:25:00,8.5,16320,Unspecified
541255,559521,21634,ASSORTED MINI MADRAS NOTEBOOK,24,2011-07-08 16:26:00,0.39,,Unspecified
541256,559521,21212,PACK OF 72 RETROSPOT CAKE CASES,13,2011-07-08 16:26:00,0.55,,Unspecified
541257,559521,22964,3 PIECE SPACEBOY COOKIE CUTTER SET,5,2011-07-08 16:26:00,2.1,,Unspecified
541258,559521,23254,CHILDRENS CUTLERY DOLLY GIRL ,5,2011-07-08 16:26:00,4.15,,Unspecified
541259,559521,23256,CHILDRENS CUTLERY SPACEBOY ,5,2011-07-08 16:26:00,4.15,,Unspecified
541260,559521,84378,SET OF 3 HEART COOKIE CUTTERS,7,2011-07-08 16:26:00,1.25,,Unspecified
541261,559521,20983,12 PENCILS TALL TUBE RED RETROSPOT,7,2011-07-08 16:26:00,0.85,,Unspecified
541262,559521,20982,12 PENCILS TALL TUBE SKULLS,7,2011-07-08 16:26:00,0.85,,Unspecified
541263,559521,22367,CHILDRENS APRON SPACEBOY DESIGN,6,2011-07-08 16:26:00,1.95,,Unspecified
541264,559521,20981,12 PENCILS TALL TUBE WOODLAND,7,2011-07-08 16:26:00,0.85,,Unspecified
541265,559521,22991,GIRAFFE WOODEN RULER,3,2011-07-08 16:26:00,1.95,,Unspecified
541266,559521,22992,REVOLVER WOODEN RULER ,5,2011-07-08 16:26:00,1.95,,Unspecified
541267,559521,21380,WOODEN HAPPY BIRTHDAY GARLAND,1,2011-07-08 16:26:00,2.95,,Unspecified
541268,559521,20869,GOLD FABRIC MIRROR,13,2011-07-08 16:26:00,0.39,,Unspecified
541269,559521,22621,TRADITIONAL KNITTING NANCY,10,2011-07-08 16:26:00,1.65,,Unspecified
541270,559521,21156,RETROSPOT CHILDRENS APRON,6,2011-07-08 16:26:00,1.95,,Unspecified
541271,559521,84548,CROCHET BEAR RED/BLUE  KEYRING,7,2011-07-08 16:26:00,1.65,,Unspecified
541272,559521,23007, SPACEBOY BABY GIFT SET,1,2011-07-08 16:26:00,16.95,,Unspecified
541273,559521,22759,SET OF 3 NOTEBOOKS IN PARCEL,8,2011-07-08 16:26:00,1.65,,Unspecified
541274,559521,20819,SILVER TEDDY BEAR,1,2011-07-08 16:26:00,3.75,,Unspecified
541275,559521,22196,SMALL HEART MEASURING SPOONS,1,2011-07-08 16:26:00,0.85,,Unspecified
541276,559521,21124,SET/10 BLUE POLKADOT PARTY CANDLES,1,2011-07-08 16:26:00,1.25,,Unspecified
541277,559521,23309,SET OF 60 I LOVE LONDON CAKE CASES ,1,2011-07-08 16:26:00,0.55,,Unspecified
541278,559521,22317,FIVE CATS HANGING DECORATION,1,2011-07-08 16:26:00,2.95,,Unspecified
541279,559521,22548,HEADS AND TAILS SPORTING FUN,6,2011-07-08 16:26:00,1.25,,Unspecified
541280,559521,21790,VINTAGE SNAP CARDS,8,2011-07-08 16:26:00,0.85,,Unspecified
541281,559521,21915,RED  HARMONICA IN BOX ,12,2011-07-08 16:26:00,1.25,,Unspecified
541282,559521,22437,SET OF 9 BLACK SKULL BALLOONS,2,2011-07-08 16:26:00,0.85,,Unspecified
541283,559521,20985,HEART CALCULATOR,12,2011-07-08 16:26:00,1.25,,Unspecified
541284,559521,22555,PLASTERS IN TIN STRONGMAN,6,2011-07-08 16:26:00,1.65,,Unspecified
541285,559521,21126,SET OF 6 GIRLS CELEBRATION CANDLES,5,2011-07-08 16:26:00,1.25,,Unspecified
541286,559521,22435,SET OF 9 HEART SHAPED BALLOONS,2,2011-07-08 16:26:00,1.25,,Unspecified
541287,559521,22553,PLASTERS IN TIN SKULLS,7,2011-07-08 16:26:00,1.65,,Unspecified
541288,559521,22434,BALLOON PUMP WITH 10 BALLOONS,6,2011-07-08 16:26:00,1.95,,Unspecified
541289,559521,22439,6 ROCKET BALLOONS ,40,2011-07-08 16:26:00,0.65,,Unspecified
541290,559521,21888,BINGO SET,4,2011-07-08 16:26:00,3.75,,Unspecified
541291,559521,23240,SET OF 4 KNICK KNACK TINS DOILEY ,3,2011-07-08 16:26:00,4.15,,Unspecified
541292,559521,21889,WOODEN BOX OF DOMINOES,7,2011-07-08 16:26:00,1.25,,Unspecified
541293,559521,22129,PARTY CONES CANDY TREE DECORATION,6,2011-07-08 16:26:00,0.85,,Unspecified
541294,559521,22128,PARTY CONES CANDY ASSORTED,6,2011-07-08 16:26:00,1.25,,Unspecified
541295,559521,84375,SET OF 20 KIDS COOKIE CUTTERS,1,2011-07-08 16:26:00,2.1,,Unspecified
541296,559521,23242,TREASURE TIN BUFFALO BILL ,1,2011-07-08 16:26:00,2.08,,Unspecified
541297,559521,21055,TOOL BOX SOFT TOY ,1,2011-07-08 16:26:00,8.95,,Unspecified
541298,559521,23128,FELTCRAFT BOY JEAN-PAUL KIT,1,2011-07-08 16:26:00,4.95,,Unspecified
541299,559521,23241,TREASURE TIN GYMKHANA DESIGN,1,2011-07-08 16:26:00,2.08,,Unspecified
541300,559521,20868,SILVER FABRIC MIRROR,13,2011-07-08 16:26:00,0.39,,Unspecified
541301,559521,22150,3 STRIPEY MICE FELTCRAFT,1,2011-07-08 16:26:00,1.95,,Unspecified
541302,559521,22620,4 TRADITIONAL SPINNING TOPS,5,2011-07-08 16:26:00,1.45,,Unspecified
541303,559521,21892,TRADITIONAL WOODEN CATCH CUP GAME ,8,2011-07-08 16:26:00,1.25,,Unspecified
541304,559521,20750,RED RETROSPOT MINI CASES,2,2011-07-08 16:26:00,7.95,,Unspecified
541305,559521,20749,ASSORTED COLOUR MINI CASES,2,2011-07-08 16:26:00,7.95,,Unspecified
541306,559521,21891,TRADITIONAL WOODEN SKIPPING ROPE,9,2011-07-08 16:26:00,1.45,,Unspecified
541307,559521,21056,DOCTOR'S BAG SOFT TOY,1,2011-07-08 16:26:00,8.95,,Unspecified
541308,559521,22196,SMALL HEART MEASURING SPOONS,7,2011-07-08 16:26:00,0.85,,Unspecified
541309,559521,21124,SET/10 BLUE POLKADOT PARTY CANDLES,7,2011-07-08 16:26:00,1.25,,Unspecified
541310,559521,21125,SET 6 FOOTBALL CELEBRATION CANDLES,6,2011-07-08 16:26:00,1.25,,Unspecified
541311,559521,22467,GUMBALL COAT RACK,6,2011-07-08 16:26:00,2.55,,Unspecified
541312,559521,22899,CHILDREN'S APRON DOLLY GIRL ,6,2011-07-08 16:26:00,2.1,,Unspecified
541313,559521,20725,LUNCH BAG RED RETROSPOT,7,2011-07-08 16:26:00,1.65,,Unspecified
541314,559521,84077,WORLD WAR 2 GLIDERS ASSTD DESIGNS,48,2011-07-08 16:26:00,0.29,,Unspecified
541315,559521,22662,LUNCH BAG DOLLY GIRL DESIGN,10,2011-07-08 16:26:00,1.65,,Unspecified
541316,559521,20727,LUNCH BAG  BLACK SKULL.,8,2011-07-08 16:26:00,1.65,,Unspecified
541317,559521,22262,FELT EGG COSY CHICKEN,1,2011-07-08 16:26:00,0.85,,Unspecified
541318,559521,22260,FELT EGG COSY BLUE RABBIT ,1,2011-07-08 16:26:00,0.85,,Unspecified
541319,559521,23192,BUNDLE OF 3 ALPHABET EXERCISE BOOKS,1,2011-07-08 16:26:00,1.65,,Unspecified
541320,559521,22911,PAPER CHAIN KIT LONDON,1,2011-07-08 16:26:00,2.95,,Unspecified
541321,559521,22085,PAPER CHAIN KIT SKULLS ,1,2011-07-08 16:26:00,2.95,,Unspecified
541322,559521,22276,WASH BAG VINTAGE ROSE PAISLEY,1,2011-07-08 16:26:00,2.55,,Unspecified
541323,559521,22570,FELTCRAFT CUSHION RABBIT,1,2011-07-08 16:26:00,3.75,,Unspecified
541324,559521,22083,PAPER CHAIN KIT RETROSPOT,1,2011-07-08 16:26:00,2.95,,Unspecified
541325,559521,23076,ICE CREAM SUNDAE LIP GLOSS,24,2011-07-08 16:26:00,1.25,,Unspecified
541326,559521,22197,POPCORN HOLDER,3,2011-07-08 16:26:00,0.85,,Unspecified
541327,559929,22960,JAM MAKING SET WITH JARS,6,2011-07-14 09:10:00,4.25,14265,Unspecified
541328,559929,16161P,WRAP ENGLISH ROSE ,25,2011-07-14 09:10:00,0.42,14265,Unspecified
541329,559929,21499,BLUE POLKADOT WRAP,25,2011-07-14 09:10:00,0.42,14265,Unspecified
541330,559929,21500,PINK POLKADOT WRAP ,25,2011-07-14 09:10:00,0.42,14265,Unspecified
541331,559929,21503,TOYBOX  WRAP ,25,2011-07-14 09:10:00,0.42,14265,Unspecified
541332,559929,22047,EMPIRE GIFT WRAP,25,2011-07-14 09:10:00,0.42,14265,Unspecified
541333,559929,22051,BLUE SCANDINAVIAN PAISLEY WRAP,25,2011-07-14 09:10:00,0.42,14265,Unspecified
541334,559929,22050,PINK PAISLEY ROSE GIFT WRAP,25,2011-07-14 09:10:00,0.42,14265,Unspecified
541335,559929,22709,WRAP WEDDING DAY,25,2011-07-14 09:10:00,0.42,14265,Unspecified
541336,559929,22485,SET OF 2 WOODEN MARKET CRATES,2,2011-07-14 09:10:00,12.75,14265,Unspecified
541337,559929,40001,WHITE BAMBOO RIBS LAMPSHADE,24,2011-07-14 09:10:00,0.85,14265,Unspecified
541338,559929,21628,TRIANGULAR POUFFE VINTAGE ,2,2011-07-14 09:10:00,14.95,14265,Unspecified
541339,559929,46000S,POLYESTER FILLER PAD 40x40cm,18,2011-07-14 09:10:00,1.45,14265,Unspecified
541340,559929,46000M,POLYESTER FILLER PAD 45x45cm,18,2011-07-14 09:10:00,1.55,14265,Unspecified
541341,559929,22423,REGENCY CAKESTAND 3 TIER,1,2011-07-14 09:10:00,12.75,14265,Unspecified
541342,561658,47563A,RETRO LONGBOARD IRONING BOARD COVER,1,2011-07-28 16:06:00,1.25,12743,Unspecified
541343,561658,23124,18PC WOODEN CUTLERY SET DISPOSABLE,1,2011-07-28 16:06:00,1.25,12743,Unspecified
541344,561658,47574A,ENGLISH ROSE SCENTED HANGING FLOWER,1,2011-07-28 16:06:00,0.75,12743,Unspecified
541345,561658,35968,FOLK ART METAL HEART T-LIGHT HOLDER,5,2011-07-28 16:06:00,0.38,12743,Unspecified
541346,561658,84559A,3D SHEET OF DOG STICKERS,1,2011-07-28 16:06:00,0.85,12743,Unspecified
541347,561658,21586,KINGS CHOICE GIANT TUBE MATCHES,1,2011-07-28 16:06:00,2.55,12743,Unspecified
541348,561658,21733,RED HANGING HEART T-LIGHT HOLDER,1,2011-07-28 16:06:00,2.95,12743,Unspecified
541349,561658,23268,SET OF 2 CERAMIC CHRISTMAS REINDEER,1,2011-07-28 16:06:00,1.45,12743,Unspecified
541350,561658,23210,WHITE ROCKING HORSE HAND PAINTED,1,2011-07-28 16:06:00,1.25,12743,Unspecified
541351,561658,22449,SILK PURSE BABUSHKA PINK,1,2011-07-28 16:06:00,3.35,12743,Unspecified
541352,561658,20886,BOX OF 9 PEBBLE CANDLES,1,2011-07-28 16:06:00,1.95,12743,Unspecified
541353,561658,84879,ASSORTED COLOUR BIRD ORNAMENT,3,2011-07-28 16:06:00,1.69,12743,Unspecified
541354,561658,21588,RETROSPOT GIANT TUBE MATCHES,1,2011-07-28 16:06:00,2.55,12743,Unspecified
541355,561658,47599B,BLUE PARTY BAGS ,1,2011-07-28 16:06:00,2.1,12743,Unspecified
541356,561658,22846,BREAD BIN DINER STYLE RED ,1,2011-07-28 16:06:00,16.95,12743,Unspecified
541357,561658,23336,EGG FRYING PAN PINK ,1,2011-07-28 16:06:00,2.08,12743,Unspecified
541358,561658,23338,EGG FRYING PAN RED ,1,2011-07-28 16:06:00,2.08,12743,Unspecified
541359,561658,23339,EGG FRYING PAN BLUE ,1,2011-07-28 16:06:00,2.08,12743,Unspecified
541360,561658,21033,JUMBO BAG CHARLIE AND LOLA TOYS,1,2011-07-28 16:06:00,2.08,12743,Unspecified
541361,561658,20679,EDWARDIAN PARASOL RED,1,2011-07-28 16:06:00,5.95,12743,Unspecified
541362,561658,22046,TEA PARTY  WRAPPING PAPER ,25,2011-07-28 16:06:00,0.42,12743,Unspecified
541363,561658,23546,WRAP PAISLEY PARK ,25,2011-07-28 16:06:00,0.42,12743,Unspecified
541364,561658,21108,FAIRY CAKE FLANNEL ASSORTED COLOUR,1,2011-07-28 16:06:00,2.55,12743,Unspecified
541365,561658,21002,ROSE DU SUD DRAWSTRING BAG,2,2011-07-28 16:06:00,4.25,12743,Unspecified
541366,561658,85212,MINI PAINTED GARDEN DECORATION ,12,2011-07-28 16:06:00,0.29,12743,Unspecified
541367,561658,21770,OPEN CLOSED METAL SIGN,1,2011-07-28 16:06:00,4.95,12743,Unspecified
541368,561658,22752,SET 7 BABUSHKA NESTING BOXES,1,2011-07-28 16:06:00,8.5,12743,Unspecified
541369,561658,21108,FAIRY CAKE FLANNEL ASSORTED COLOUR,1,2011-07-28 16:06:00,2.55,12743,Unspecified
541370,561658,22750,FELTCRAFT PRINCESS LOLA DOLL,1,2011-07-28 16:06:00,3.75,12743,Unspecified
541371,561658,84050,PINK HEART SHAPE EGG FRYING PAN,1,2011-07-28 16:06:00,1.65,12743,Unspecified
541372,561658,84813,SET OF 4 DIAMOND NAPKIN RINGS,1,2011-07-28 16:06:00,12.75,12743,Unspecified
541373,561658,23079,TOADSTOOL BEDSIDE LIGHT ,1,2011-07-28 16:06:00,8.95,12743,Unspecified
541374,561658,23014,GLASS APOTHECARY BOTTLE ELIXIR,1,2011-07-28 16:06:00,3.95,12743,Unspecified
541375,561658,85213,MINI  ZINC GARDEN DECORATIONS ,12,2011-07-28 16:06:00,0.29,12743,Unspecified
541376,561658,23068,ALUMINIUM STAMPED HEART,4,2011-07-28 16:06:00,2.49,12743,Unspecified
541377,561658,22139,RETROSPOT TEA SET CERAMIC 11 PC ,2,2011-07-28 16:06:00,4.95,12743,Unspecified
541378,561658,84912B,GREEN ROSE WASHBAG,1,2011-07-28 16:06:00,3.75,12743,Unspecified
541379,561658,22727,ALARM CLOCK BAKELIKE RED ,1,2011-07-28 16:06:00,3.75,12743,Unspecified
541380,561658,84559B,3D SHEET OF CAT STICKERS,1,2011-07-28 16:06:00,0.85,12743,Unspecified
541381,561658,84549,CROCHET WHITE RABBIT KEYRING ,1,2011-07-28 16:06:00,1.65,12743,Unspecified
541382,561658,22840,ROUND CAKE TIN VINTAGE RED,1,2011-07-28 16:06:00,7.95,12743,Unspecified
541383,561658,22604,SET OF 4 NAPKIN CHARMS CUTLERY,2,2011-07-28 16:06:00,2.55,12743,Unspecified
541384,561658,22902,TOTE BAG I LOVE LONDON,1,2011-07-28 16:06:00,2.1,12743,Unspecified
541385,561658,21065,BOOM BOX SPEAKER GIRLS,1,2011-07-28 16:06:00,5.95,12743,Unspecified
541386,561658,84012,MAGIC SHEEP WOOL GROWING FROM PAPER,1,2011-07-28 16:06:00,2.55,12743,Unspecified
541387,561658,47559B,TEA TIME OVEN GLOVE,1,2011-07-28 16:06:00,1.25,12743,Unspecified
541388,561658,82600,NO SINGING METAL SIGN,1,2011-07-28 16:06:00,2.1,12743,Unspecified
541389,561658,21592,RETROSPOT CIGAR BOX MATCHES ,1,2011-07-28 16:06:00,1.25,12743,Unspecified
541390,561658,21591,COSY HOUR CIGAR BOX MATCHES ,1,2011-07-28 16:06:00,1.25,12743,Unspecified
541391,561658,22585,PACK OF 6 BIRDY GIFT TAGS,1,2011-07-28 16:06:00,1.25,12743,Unspecified
541392,561658,23055,IVORY CHANDELIER T-LIGHT HOLDER,1,2011-07-28 16:06:00,6.25,12743,Unspecified
541393,561658,23083,SET 6 PAPER TABLE LANTERN STARS ,1,2011-07-28 16:06:00,3.75,12743,Unspecified
541394,561658,23082,SET 6 PAPER TABLE LANTERN HEARTS ,1,2011-07-28 16:06:00,3.75,12743,Unspecified
541395,561658,16012,FOOD/DRINK SPONGE STICKERS,24,2011-07-28 16:06:00,0.21,12743,Unspecified
541396,561658,22732,3D VINTAGE CHRISTMAS STICKERS ,1,2011-07-28 16:06:00,1.25,12743,Unspecified
541397,561658,22733,3D TRADITIONAL CHRISTMAS STICKERS,2,2011-07-28 16:06:00,1.25,12743,Unspecified
541398,561658,22320,BIRDS MOBILE VINTAGE DESIGN,1,2011-07-28 16:06:00,5.95,12743,Unspecified
541399,561658,21843,RED RETROSPOT CAKE STAND,1,2011-07-28 16:06:00,10.95,12743,Unspecified
541400,561658,22423,REGENCY CAKESTAND 3 TIER,1,2011-07-28 16:06:00,12.75,12743,Unspecified
541401,561658,20712,JUMBO BAG WOODLAND ANIMALS,1,2011-07-28 16:06:00,2.08,12743,Unspecified
541402,561658,22411,JUMBO SHOPPER VINTAGE RED PAISLEY,1,2011-07-28 16:06:00,2.08,12743,Unspecified
541403,561658,85172,HYACINTH BULB T-LIGHT CANDLES,16,2011-07-28 16:06:00,0.42,12743,Unspecified
541404,561658,23284,DOORMAT KEEP CALM AND COME IN,1,2011-07-28 16:06:00,7.95,12743,Unspecified
541405,561658,23202,JUMBO BAG VINTAGE LEAF,1,2011-07-28 16:06:00,2.08,12743,Unspecified
541406,561658,47599A,PINK PARTY BAGS,1,2011-07-28 16:06:00,2.1,12743,Unspecified
541407,561658,23211,RED ROCKING HORSE HAND PAINTED,1,2011-07-28 16:06:00,1.25,12743,Unspecified
541408,561658,22150,3 STRIPEY MICE FELTCRAFT,1,2011-07-28 16:06:00,1.95,12743,Unspecified
541409,561658,47348A,FUSCHIA VOILE POINTY SHOE DEC,1,2011-07-28 16:06:00,0.39,12743,Unspecified
541410,561658,22580,ADVENT CALENDAR GINGHAM SACK,1,2011-07-28 16:06:00,5.95,12743,Unspecified
541411,561658,22834,HAND WARMER BABUSHKA DESIGN,1,2011-07-28 16:06:00,2.1,12743,Unspecified
541412,561658,22325,MOBILE VINTAGE HEARTS ,1,2011-07-28 16:06:00,4.95,12743,Unspecified
541413,561658,23183,MOTHER'S KITCHEN SPOON REST ,1,2011-07-28 16:06:00,3.75,12743,Unspecified
541414,561658,22701,PINK DOG BOWL,1,2011-07-28 16:06:00,2.95,12743,Unspecified
541415,561658,22703,PINK CAT BOWL,1,2011-07-28 16:06:00,2.1,12743,Unspecified
541416,561658,23108,SET OF 10 LED DOLLY LIGHTS,1,2011-07-28 16:06:00,6.25,12743,Unspecified
541417,561658,22900,SET 2 TEA TOWELS I LOVE LONDON ,1,2011-07-28 16:06:00,3.25,12743,Unspecified
541418,561658,21064,BOOM BOX SPEAKER BOYS,1,2011-07-28 16:06:00,5.95,12743,Unspecified
541419,561658,22450,SILK PURSE BABUSHKA BLUE,1,2011-07-28 16:06:00,3.35,12743,Unspecified
541420,561658,84836,ZINC METAL HEART DECORATION,2,2011-07-28 16:06:00,1.25,12743,Unspecified
541421,561658,22700,BLACK AND WHITE DOG BOWL,1,2011-07-28 16:06:00,2.95,12743,Unspecified
541422,561658,22625,RED KITCHEN SCALES,1,2011-07-28 16:06:00,8.5,12743,Unspecified
541423,561658,23012,GLASS APOTHECARY BOTTLE PERFUME,1,2011-07-28 16:06:00,3.95,12743,Unspecified
541424,561658,79302M,"ART LIGHTS,FUNK MONKEY",1,2011-07-28 16:06:00,2.95,12743,Unspecified
541425,561661,22844,VINTAGE CREAM DOG FOOD CONTAINER,2,2011-07-28 16:21:00,8.5,12743,Unspecified
541426,561661,84879,ASSORTED COLOUR BIRD ORNAMENT,3,2011-07-28 16:21:00,1.69,12743,Unspecified
541427,561661,84821,DANISH ROSE DELUXE COASTER,1,2011-07-28 16:21:00,0.85,12743,Unspecified
541428,561661,79063C,"RETRO PILL BOX KEY CHAIN,THE KING",1,2011-07-28 16:21:00,0.19,12743,Unspecified
541429,561661,21931,JUMBO STORAGE BAG SUKI,1,2011-07-28 16:21:00,2.08,12743,Unspecified
541430,561661,22924,FRIDGE MAGNETS LA VIE EN ROSE,6,2011-07-28 16:21:00,0.85,12743,Unspecified
541431,561661,22289,HANGING METAL CHICKEN DECORATION,2,2011-07-28 16:21:00,1.25,12743,Unspecified
541432,561661,22288,HANGING METAL RABBIT DECORATION,2,2011-07-28 16:21:00,1.25,12743,Unspecified
541433,561661,22291,HANGING CHICK CREAM DECORATION,1,2011-07-28 16:21:00,1.45,12743,Unspecified
541434,561661,84459A,PINK METAL CHICKEN HEART ,2,2011-07-28 16:21:00,1.49,12743,Unspecified
541435,561661,22834,HAND WARMER BABUSHKA DESIGN,1,2011-07-28 16:21:00,2.1,12743,Unspecified
541436,561661,23343,JUMBO BAG VINTAGE CHRISTMAS ,1,2011-07-28 16:21:00,2.08,12743,Unspecified
541437,561661,23158,SET OF 5 LUCKY CAT MAGNETS ,1,2011-07-28 16:21:00,2.08,12743,Unspecified
541438,561661,23335,EGG FRYING PAN IVORY ,1,2011-07-28 16:21:00,2.08,12743,Unspecified
541439,561661,23339,EGG FRYING PAN BLUE ,1,2011-07-28 16:21:00,2.08,12743,Unspecified
541440,561661,22437,SET OF 9 BLACK SKULL BALLOONS,10,2011-07-28 16:21:00,0.85,12743,Unspecified
541441,561661,22288,HANGING METAL RABBIT DECORATION,5,2011-07-28 16:21:00,1.25,12743,Unspecified
541442,561661,22289,HANGING METAL CHICKEN DECORATION,2,2011-07-28 16:21:00,1.25,12743,Unspecified
541443,561661,23208,LUNCH BAG VINTAGE LEAF DESIGN,1,2011-07-28 16:21:00,1.65,12743,Unspecified
541444,561661,21260,FIRST AID TIN,1,2011-07-28 16:21:00,3.25,12743,Unspecified
541445,561661,21637,ASSORTED SANSKRIT MINI NOTEBOOK,18,2011-07-28 16:21:00,1.25,12743,Unspecified
541446,561661,23108,SET OF 10 LED DOLLY LIGHTS,1,2011-07-28 16:21:00,6.25,12743,Unspecified
541447,561661,85049A,TRADITIONAL CHRISTMAS RIBBONS,1,2011-07-28 16:21:00,1.25,12743,Unspecified
541448,561661,20679,EDWARDIAN PARASOL RED,1,2011-07-28 16:21:00,5.95,12743,Unspecified
541449,561661,23210,WHITE ROCKING HORSE HAND PAINTED,1,2011-07-28 16:21:00,1.25,12743,Unspecified
541450,561661,22906,12 MESSAGE CARDS WITH ENVELOPES,1,2011-07-28 16:21:00,1.65,12743,Unspecified
541451,561661,85180A,RED HEARTS LIGHT CHAIN ,2,2011-07-28 16:21:00,4.65,12743,Unspecified
541452,561661,85179A,GREEN BITTY LIGHT CHAIN,1,2011-07-28 16:21:00,4.65,12743,Unspecified
541453,561661,23079,TOADSTOOL BEDSIDE LIGHT ,1,2011-07-28 16:21:00,8.95,12743,Unspecified
541454,561661,22396,MAGNETS PACK OF 4 RETRO PHOTO,1,2011-07-28 16:21:00,0.39,12743,Unspecified
541455,561661,21591,COSY HOUR CIGAR BOX MATCHES ,1,2011-07-28 16:21:00,1.25,12743,Unspecified
541456,561661,84347,ROTATING SILVER ANGELS T-LIGHT HLDR,1,2011-07-28 16:21:00,2.55,12743,Unspecified
541457,561661,85175,CACTI T-LIGHT CANDLES,16,2011-07-28 16:21:00,0.42,12743,Unspecified
541458,561661,35646,VINTAGE BEAD PINK EVENING BAG,1,2011-07-28 16:21:00,1.25,12743,Unspecified
541459,561661,47343A,FUSCHIA FLOWER PURSE WITH BEADS,1,2011-07-28 16:21:00,0.83,12743,Unspecified
541460,561661,23188,VINTAGE  2 METER FOLDING RULER,1,2011-07-28 16:21:00,1.65,12743,Unspecified
541461,561661,22604,SET OF 4 NAPKIN CHARMS CUTLERY,2,2011-07-28 16:21:00,2.55,12743,Unspecified
541462,561661,22556,PLASTERS IN TIN CIRCUS PARADE ,1,2011-07-28 16:21:00,1.65,12743,Unspecified
541463,561661,22076,6 RIBBONS EMPIRE  ,3,2011-07-28 16:21:00,1.65,12743,Unspecified
541464,561661,85179C,PINK BITTY LIGHT CHAIN,1,2011-07-28 16:21:00,4.65,12743,Unspecified
541465,561661,21592,RETROSPOT CIGAR BOX MATCHES ,2,2011-07-28 16:21:00,1.25,12743,Unspecified
541466,561661,22906,12 MESSAGE CARDS WITH ENVELOPES,2,2011-07-28 16:21:00,1.65,12743,Unspecified
541467,561661,85180B,PINK HEARTS LIGHT CHAIN ,1,2011-07-28 16:21:00,4.65,12743,Unspecified
541468,561661,22497,SET OF 2 TINS VINTAGE BATHROOM ,1,2011-07-28 16:21:00,4.25,12743,Unspecified
541469,561661,21065,BOOM BOX SPEAKER GIRLS,1,2011-07-28 16:21:00,5.95,12743,Unspecified
541470,561661,84012,MAGIC SHEEP WOOL GROWING FROM PAPER,1,2011-07-28 16:21:00,2.55,12743,Unspecified
541471,561661,84559A,3D SHEET OF DOG STICKERS,1,2011-07-28 16:21:00,0.85,12743,Unspecified
541472,561661,23083,SET 6 PAPER TABLE LANTERN STARS ,1,2011-07-28 16:21:00,3.75,12743,Unspecified
541473,561661,22315,200 RED + WHITE BENDY STRAWS,1,2011-07-28 16:21:00,1.25,12743,Unspecified
541474,561661,23082,SET 6 PAPER TABLE LANTERN HEARTS ,1,2011-07-28 16:21:00,3.75,12743,Unspecified
541475,561661,21591,COSY HOUR CIGAR BOX MATCHES ,1,2011-07-28 16:21:00,1.25,12743,Unspecified
541476,563947,23236,STORAGE TIN VINTAGE DOILY ,24,2011-08-22 10:18:00,2.89,12363,Unspecified
541477,563947,21210,SET OF 72 RETROSPOT PAPER  DOILIES,12,2011-08-22 10:18:00,1.45,12363,Unspecified
541478,563947,23313,VINTAGE CHRISTMAS BUNTING,6,2011-08-22 10:18:00,4.95,12363,Unspecified
541479,563947,23318,BOX OF 6 MINI VINTAGE CRACKERS,12,2011-08-22 10:18:00,2.49,12363,Unspecified
541480,563947,22952,60 CAKE CASES VINTAGE CHRISTMAS,36,2011-08-22 10:18:00,0.55,12363,Unspecified
541481,563947,22950,36 DOILIES VINTAGE CHRISTMAS,12,2011-08-22 10:18:00,1.45,12363,Unspecified
541482,563947,23234,BISCUIT TIN VINTAGE CHRISTMAS,24,2011-08-22 10:18:00,2.89,12363,Unspecified
541483,564051,23355,HOT WATER BOTTLE KEEP CALM,4,2011-08-22 13:32:00,4.95,14265,Unspecified
541484,564051,22112,CHOCOLATE HOT WATER BOTTLE,3,2011-08-22 13:32:00,4.95,14265,Unspecified
541485,564051,22839,3 TIER CAKE TIN GREEN AND CREAM,1,2011-08-22 13:32:00,14.95,14265,Unspecified
541486,564051,22838,3 TIER CAKE TIN RED AND CREAM,1,2011-08-22 13:32:00,14.95,14265,Unspecified
541487,564051,22840,ROUND CAKE TIN VINTAGE RED,2,2011-08-22 13:32:00,7.95,14265,Unspecified
541488,564051,22841,ROUND CAKE TIN VINTAGE GREEN,2,2011-08-22 13:32:00,7.95,14265,Unspecified
541489,564051,22845,VINTAGE CREAM CAT FOOD CONTAINER,4,2011-08-22 13:32:00,6.35,14265,Unspecified
541490,564051,22853,CAT BOWL VINTAGE CREAM,6,2011-08-22 13:32:00,3.25,14265,Unspecified
541491,564051,23301,GARDENERS KNEELING PAD KEEP CALM ,12,2011-08-22 13:32:00,1.65,14265,Unspecified
541492,564051,23008,DOLLY GIRL BABY GIFT SET,1,2011-08-22 13:32:00,16.95,14265,Unspecified
541493,564051,23080,RED METAL BOX TOP SECRET,2,2011-08-22 13:32:00,8.25,14265,Unspecified
541494,564051,23007, SPACEBOY BABY GIFT SET,1,2011-08-22 13:32:00,16.95,14265,Unspecified
541495,564051,21833,CAMOUFLAGE LED TORCH,12,2011-08-22 13:32:00,1.69,14265,Unspecified
541496,564051,23081,GREEN METAL BOX ARMY SUPPLIES,2,2011-08-22 13:32:00,8.25,14265,Unspecified
541497,564051,23046,PAPER LANTERN 9 POINT DELUXE STAR,2,2011-08-22 13:32:00,6.65,14265,Unspecified
541498,564051,23045,PAPER LANTERN 5 POINT STAR MOON ,4,2011-08-22 13:32:00,4.15,14265,Unspecified
541499,565303,22904,CALENDAR PAPER CUT DESIGN,1,2011-09-02 12:17:00,2.95,,Unspecified
541500,565303,21329,DINOSAURS  WRITING SET ,1,2011-09-02 12:17:00,1.65,,Unspecified
541501,565303,21992,VINTAGE PAISLEY STATIONERY SET,1,2011-09-02 12:17:00,1.25,,Unspecified
541502,565303,20772,GARDEN PATH JOURNAL,1,2011-09-02 12:17:00,2.55,,Unspecified
541503,565303,23196,VINTAGE LEAF MAGNETIC NOTEPAD,1,2011-09-02 12:17:00,1.45,,Unspecified
541504,565303,22543,MINI JIGSAW BAKE A CAKE ,2,2011-09-02 12:17:00,0.42,,Unspecified
541505,565303,22539,MINI JIGSAW DOLLY GIRL,2,2011-09-02 12:17:00,0.42,,Unspecified
541506,565303,22544,MINI JIGSAW SPACEBOY,3,2011-09-02 12:17:00,0.42,,Unspecified
541507,565303,22541,MINI JIGSAW LEAP FROG,1,2011-09-02 12:17:00,0.42,,Unspecified
541508,565303,22540,MINI JIGSAW CIRCUS PARADE ,1,2011-09-02 12:17:00,0.42,,Unspecified
541509,565303,22537,MAGIC DRAWING SLATE DINOSAUR,2,2011-09-02 12:17:00,0.42,,Unspecified
541510,565303,22533,MAGIC DRAWING SLATE BAKE A CAKE ,2,2011-09-02 12:17:00,0.42,,Unspecified
541511,565303,22535,MAGIC DRAWING SLATE BUNNIES ,4,2011-09-02 12:17:00,0.42,,Unspecified
541512,565303,22536,MAGIC DRAWING SLATE PURDEY,2,2011-09-02 12:17:00,0.42,,Unspecified
541513,565303,22532,MAGIC DRAWING SLATE LEAP FROG ,2,2011-09-02 12:17:00,0.42,,Unspecified
541514,565303,22531,MAGIC DRAWING SLATE CIRCUS PARADE  ,2,2011-09-02 12:17:00,0.42,,Unspecified
541515,565303,22534,MAGIC DRAWING SLATE SPACEBOY ,2,2011-09-02 12:17:00,0.42,,Unspecified
541516,565303,22530,MAGIC DRAWING SLATE DOLLY GIRL ,2,2011-09-02 12:17:00,0.42,,Unspecified
541517,565303,22529,MAGIC DRAWING SLATE GO TO THE FAIR ,2,2011-09-02 12:17:00,0.42,,Unspecified
541518,565303,22540,MINI JIGSAW CIRCUS PARADE ,3,2011-09-02 12:17:00,0.42,,Unspecified
541519,565303,22746,POPPY'S PLAYHOUSE LIVINGROOM ,1,2011-09-02 12:17:00,2.1,,Unspecified
541520,565303,22748,POPPY'S PLAYHOUSE KITCHEN,1,2011-09-02 12:17:00,2.1,,Unspecified
541521,565303,22747,POPPY'S PLAYHOUSE BATHROOM,1,2011-09-02 12:17:00,2.1,,Unspecified
541522,565303,22745,POPPY'S PLAYHOUSE BEDROOM ,1,2011-09-02 12:17:00,2.1,,Unspecified
541523,565303,85227,SET OF 6 3D KIT CARDS FOR KIDS,1,2011-09-02 12:17:00,0.85,,Unspecified
541524,565303,84077,WORLD WAR 2 GLIDERS ASSTD DESIGNS,48,2011-09-02 12:17:00,0.29,,Unspecified
541525,565303,23309,SET OF 60 I LOVE LONDON CAKE CASES ,2,2011-09-02 12:17:00,0.55,,Unspecified
541526,565303,22437,SET OF 9 BLACK SKULL BALLOONS,10,2011-09-02 12:17:00,0.85,,Unspecified
541527,565303,84378,SET OF 3 HEART COOKIE CUTTERS,2,2011-09-02 12:17:00,1.45,,Unspecified
541528,565303,23307,SET OF 60 PANTRY DESIGN CAKE CASES ,2,2011-09-02 12:17:00,0.55,,Unspecified
541529,565303,21977,PACK OF 60 PINK PAISLEY CAKE CASES,2,2011-09-02 12:17:00,0.55,,Unspecified
541530,565303,21976,PACK OF 60 MUSHROOM CAKE CASES,2,2011-09-02 12:17:00,0.55,,Unspecified
541531,565303,21975,PACK OF 60 DINOSAUR CAKE CASES,2,2011-09-02 12:17:00,0.55,,Unspecified
541532,565303,84991,60 TEATIME FAIRY CAKE CASES,2,2011-09-02 12:17:00,0.55,,Unspecified
541533,565303,11001,ASSTD DESIGN RACING CAR PEN,16,2011-09-02 12:17:00,1.69,,Unspecified
541534,565303,22951,60 CAKE CASES DOLLY GIRL DESIGN,2,2011-09-02 12:17:00,0.55,,Unspecified
541535,565303,84375,SET OF 20 KIDS COOKIE CUTTERS,2,2011-09-02 12:17:00,2.1,,Unspecified
541536,565303,21559,STRAWBERRY LUNCH BOX WITH CUTLERY,2,2011-09-02 12:17:00,2.55,,Unspecified
541537,565303,21558,SKULL LUNCH BOX WITH CUTLERY ,1,2011-09-02 12:17:00,2.55,,Unspecified
541538,565303,22499,WOODEN UNION JACK BUNTING,1,2011-09-02 12:17:00,5.95,,Unspecified
541539,565303,22964,3 PIECE SPACEBOY COOKIE CUTTER SET,2,2011-09-02 12:17:00,2.1,,Unspecified
541540,565303,22911,PAPER CHAIN KIT LONDON,1,2011-09-02 12:17:00,2.95,,Unspecified
541541,565303,22549,PICTURE DOMINOES,2,2011-09-02 12:17:00,1.45,,Unspecified
541542,565303,23076,ICE CREAM SUNDAE LIP GLOSS,24,2011-09-02 12:17:00,1.25,,Unspecified
541543,565303,21912,VINTAGE SNAKES & LADDERS,2,2011-09-02 12:17:00,3.75,,Unspecified
541544,565303,21888,BINGO SET,2,2011-09-02 12:17:00,3.75,,Unspecified
541545,565303,23310,BUBBLEGUM RING ASSORTED,36,2011-09-02 12:17:00,0.42,,Unspecified
541546,565303,84997C,CHILDRENS CUTLERY POLKADOT BLUE,2,2011-09-02 12:17:00,4.15,,Unspecified
541547,565303,23254,CHILDRENS CUTLERY DOLLY GIRL ,2,2011-09-02 12:17:00,4.15,,Unspecified
541548,565303,23255,CHILDRENS CUTLERY CIRCUS PARADE,4,2011-09-02 12:17:00,4.15,,Unspecified
541549,565303,22083,PAPER CHAIN KIT RETROSPOT,2,2011-09-02 12:17:00,2.95,,Unspecified
541550,565303,85019B,BLOSSOM  IMAGES NOTEBOOK SET,2,2011-09-02 12:17:00,1.25,,Unspecified
541551,565303,21558,SKULL LUNCH BOX WITH CUTLERY ,1,2011-09-02 12:17:00,2.55,,Unspecified
541552,565303,22911,PAPER CHAIN KIT LONDON,3,2011-09-02 12:17:00,2.95,,Unspecified
541553,565303,85227,SET OF 6 3D KIT CARDS FOR KIDS,5,2011-09-02 12:17:00,0.85,,Unspecified
541554,565303,22196,SMALL HEART MEASURING SPOONS,1,2011-09-02 12:17:00,0.85,,Unspecified
541555,565303,20983,12 PENCILS TALL TUBE RED RETROSPOT,4,2011-09-02 12:17:00,0.85,,Unspecified
541556,565303,20977,36 PENCILS TUBE WOODLAND,4,2011-09-02 12:17:00,1.25,,Unspecified
541557,565303,20982,12 PENCILS TALL TUBE SKULLS,5,2011-09-02 12:17:00,0.85,,Unspecified
541558,565303,23084,RABBIT NIGHT LIGHT,1,2011-09-02 12:17:00,2.08,,Unspecified
541559,565303,22549,PICTURE DOMINOES,1,2011-09-02 12:17:00,1.45,,Unspecified
541560,565303,85227,SET OF 6 3D KIT CARDS FOR KIDS,4,2011-09-02 12:17:00,0.85,,Unspecified
541561,565303,22138,BAKING SET 9 PIECE RETROSPOT ,2,2011-09-02 12:17:00,4.95,,Unspecified
541562,565303,21889,WOODEN BOX OF DOMINOES,5,2011-09-02 12:17:00,1.25,,Unspecified
541563,565303,22550,HOLIDAY FUN LUDO,2,2011-09-02 12:17:00,3.75,,Unspecified
541564,565303,23127,FELTCRAFT GIRL NICOLE KIT,1,2011-09-02 12:17:00,4.95,,Unspecified
541565,576646,22326,ROUND SNACK BOXES SET OF4 WOODLAND ,6,2011-11-16 10:18:00,2.95,,Unspecified
541566,576646,20725,LUNCH BAG RED RETROSPOT,10,2011-11-16 10:18:00,1.65,,Unspecified
541567,576646,22628,PICNIC BOXES SET OF 3 RETROSPOT ,4,2011-11-16 10:18:00,4.95,,Unspecified
541568,576646,22631,CIRCUS PARADE LUNCH BOX ,12,2011-11-16 10:18:00,1.95,,Unspecified
541569,576646,84997D,CHILDRENS CUTLERY POLKADOT PINK,4,2011-11-16 10:18:00,4.15,,Unspecified
541570,576646,23254,CHILDRENS CUTLERY DOLLY GIRL ,4,2011-11-16 10:18:00,4.15,,Unspecified
541571,576646,23256,CHILDRENS CUTLERY SPACEBOY ,4,2011-11-16 10:18:00,4.15,,Unspecified
541572,576646,22555,PLASTERS IN TIN STRONGMAN,12,2011-11-16 10:18:00,1.65,,Unspecified
541573,576646,22554,PLASTERS IN TIN WOODLAND ANIMALS,12,2011-11-16 10:18:00,1.65,,Unspecified
541574,576646,22556,PLASTERS IN TIN CIRCUS PARADE ,12,2011-11-16 10:18:00,1.65,,Unspecified
541575,576646,20973,12 PENCIL SMALL TUBE WOODLAND,24,2011-11-16 10:18:00,0.65,,Unspecified
541576,576646,23371,SET 36 COLOUR PENCILS SPACEBOY ,16,2011-11-16 10:18:00,1.25,,Unspecified
541577,576646,20983,12 PENCILS TALL TUBE RED RETROSPOT,12,2011-11-16 10:18:00,0.85,,Unspecified
541578,576646,21890,S/6 WOODEN SKITTLES IN COTTON BAG,6,2011-11-16 10:18:00,3.25,,Unspecified
541579,576646,21891,TRADITIONAL WOODEN SKIPPING ROPE,12,2011-11-16 10:18:00,1.45,,Unspecified
541580,576646,21892,TRADITIONAL WOODEN CATCH CUP GAME ,12,2011-11-16 10:18:00,1.25,,Unspecified
541581,576646,22619,SET OF 6 SOLDIER SKITTLES,4,2011-11-16 10:18:00,3.75,,Unspecified
541582,576646,22620,4 TRADITIONAL SPINNING TOPS,12,2011-11-16 10:18:00,1.45,,Unspecified
541583,576646,22382,LUNCH BAG SPACEBOY DESIGN ,10,2011-11-16 10:18:00,1.65,,Unspecified
541584,578539,22150,3 STRIPEY MICE FELTCRAFT,6,2011-11-24 14:55:00,1.95,,Unspecified
541585,578539,20749,ASSORTED COLOUR MINI CASES,4,2011-11-24 14:55:00,7.95,,Unspecified
541586,578539,20750,RED RETROSPOT MINI CASES,4,2011-11-24 14:55:00,7.95,,Unspecified
541587,578539,23319,BOX OF 6 MINI 50'S CRACKERS,6,2011-11-24 14:55:00,2.49,,Unspecified
541588,578539,22745,POPPY'S PLAYHOUSE BEDROOM ,12,2011-11-24 14:55:00,2.1,,Unspecified
541589,578539,22748,POPPY'S PLAYHOUSE KITCHEN,12,2011-11-24 14:55:00,2.1,,Unspecified
541590,578539,22138,BAKING SET 9 PIECE RETROSPOT ,9,2011-11-24 14:55:00,4.95,,Unspecified
541591,578539,22559,SEASIDE FLYING DISC,12,2011-11-24 14:55:00,1.25,,Unspecified
541592,578539,21912,VINTAGE SNAKES & LADDERS,4,2011-11-24 14:55:00,3.75,,Unspecified
541593,578539,20975,12 PENCILS SMALL TUBE RED RETROSPOT,24,2011-11-24 14:55:00,0.65,,Unspecified
541594,578539,20981,12 PENCILS TALL TUBE WOODLAND,12,2011-11-24 14:55:00,0.85,,Unspecified
541595,578539,23318,BOX OF 6 MINI VINTAGE CRACKERS,6,2011-11-24 14:55:00,2.49,,Unspecified
541596,578539,22467,GUMBALL COAT RACK,6,2011-11-24 14:55:00,2.55,,Unspecified
541597,578539,23084,RABBIT NIGHT LIGHT,12,2011-11-24 14:55:00,2.08,,Unspecified
541598,578539,21731,RED TOADSTOOL LED NIGHT LIGHT,12,2011-11-24 14:55:00,1.65,,Unspecified
541599,578539,22555,PLASTERS IN TIN STRONGMAN,12,2011-11-24 14:55:00,1.65,,Unspecified
541600,578539,22557,PLASTERS IN TIN VINTAGE PAISLEY ,12,2011-11-24 14:55:00,1.65,,Unspecified
541601,578539,11001,ASSTD DESIGN RACING CAR PEN,16,2011-11-24 14:55:00,1.69,,Unspecified
541602,578539,23369,SET 36 COLOUR PENCILS LOVE LONDON,16,2011-11-24 14:55:00,1.25,,Unspecified
541603,578539,22529,MAGIC DRAWING SLATE GO TO THE FAIR ,24,2011-11-24 14:55:00,0.42,,Unspecified
541604,578539,22531,MAGIC DRAWING SLATE CIRCUS PARADE  ,24,2011-11-24 14:55:00,0.42,,Unspecified
541605,578539,22746,POPPY'S PLAYHOUSE LIVINGROOM ,12,2011-11-24 14:55:00,2.1,,Unspecified
541606,578539,22540,MINI JIGSAW CIRCUS PARADE ,24,2011-11-24 14:55:00,0.42,,Unspecified
541607,578539,22541,MINI JIGSAW LEAP FROG,24,2011-11-24 14:55:00,0.42,,Unspecified
541608,578539,23569,TRADTIONAL ALPHABET STAMP SET,4,2011-11-24 14:55:00,4.95,,Unspecified
541609,578539,23507,MINI PLAYING CARDS BUFFALO BILL ,20,2011-11-24 14:55:00,0.42,,Unspecified
541610,578539,21889,WOODEN BOX OF DOMINOES,12,2011-11-24 14:55:00,1.25,,Unspecified
541611,578539,21914,BLUE HARMONICA IN BOX ,12,2011-11-24 14:55:00,1.25,,Unspecified
541612,578539,22619,SET OF 6 SOLDIER SKITTLES,4,2011-11-24 14:55:00,3.75,,Unspecified
541613,578539,22560,TRADITIONAL MODELLING CLAY,24,2011-11-24 14:55:00,1.25,,Unspecified
541614,578539,23570,TRADITIONAL PICK UP STICKS GAME ,12,2011-11-24 14:55:00,1.25,,Unspecified
541615,578539,23571,TRADITIONAL NAUGHTS & CROSSES,12,2011-11-24 14:55:00,1.65,,Unspecified
541616,578539,84992,72 SWEETHEART FAIRY CAKE CASES,24,2011-11-24 14:55:00,0.55,,Unspecified
541617,578539,23309,SET OF 60 I LOVE LONDON CAKE CASES ,24,2011-11-24 14:55:00,0.55,,Unspecified
