InvoiceNo,StockCode,Description,Quantity,InvoiceDate,UnitPrice,CustomerID,Country,,invoice, date,items,items,items,items,items,items,items,items,items,items,items,items,items,items,items,items,items,items,items,items,items,items,,,,,,,,,,,,,,,,,,,,,,,,,,,,,,,,,,,,,,,,,,,,,,,,,,,,,,,,,,,,,,,,,,,,,,,,,,,,,,,,,,,,,,,,,,,,,,,
550644,22722,SET OF 6 SPICE TINS PANTRY DESIGN,1,19/04/2011 16:19:00,3.95,12733,USA,,550644,19/04/2011 16:19:00,22722,22979,84987,22720,22993,47580,22989,22900,22128,47590B,22965,22088,22990,22129,21067,22149,22147,22301,22970,22423,37501,37500,,,,,,,,,,,,,,,,,,,,,,,,,,,,,,,,,,,,,,,,,,,,,,,,,,,,,,,,,,,,,,,,,,,,,,,,,,,,,,,,,,,,,,,,,,,,,,,
550644,22979,PANTRY WASHING UP BRUSH,1,19/04/2011 16:19:00,1.45,12733,USA,,570467,10/10/2011 16:06:00,22551,21915,22619,22138,21524,21668,21671,21669,22090,22668,47590A,47590B,22974,22972,22326,21231,21232,22949,21974,84987,84509A,37448,37448,22649,22951,21976,21976,22417,21212,22938,84991,84991,22199,22848,22204,22204,22360,47559B,47559B,22399,22922,23156,23156,23159,22027,22029,22983,22983,22712,16161P,21498,21499,22046,22046,22048,22048,22050,22050,22708,22706,21122,21123,21891,23166,23165,23167,48185,23372,23372,23367,23513,23518,23514,22139,23078,23077,23077,21058,21059,22720,22492,22738,22738,22734,22737,23434,22736,22739,22959,22818,23014,23014,23229,23289,23291,23290,23292,21210,23353,23349,23351,23354,23354,23311,23309,23293,23255,23256,22989,23254,20750,22449,21577,37495,21121,21124,21124
550644,84987,SET OF 36 TEATIME PAPER DOILIES,1,19/04/2011 16:19:00,1.45,12733,USA,,C570867,12/10/2011 16:17:00,23290,23289,23256,23255,23254,23229,23167,23166,23165,23159,23156,23078,23077,23014,22989,22983,22974,22972,22959,22951,22949,22938,22938,22922,22848,22818,22818,22739,22738,22737,22736,22736,22734,22720,22712,22712,22708,22706,22706,22668,22649,22619,22619,22551,22492,22449,22417,22417,22399,22360,22326,22204,22199,22199,22139,22139,22138,22138,22090,22050,22048,22046,22029,22027,21976,21974,21915,21891,21891,21671,21669,21668,21577,21524,21499,21498,21498,21232,21231,21212,21210,21124,21124,21123,21122,21121,21059,20750,16161P,84991,84987,84987,84509A,48185,47590B,47590A,47559B,37495,37448,23518,23514,23434,23434,23372,23367,23354,23353,23351,23349,23311,23309,23293,23292,23291,23513,21058,21058
550644,22720,SET OF 3 CAKE TINS PANTRY DESIGN ,1,19/04/2011 16:19:00,4.95,12733,USA,,572215,21/10/2011 12:52:00,23173,22423,22962,22963,23328,22907,21121,21124,21122,21123,23295,23293,23296,23515,23516,23513,23512,23366,22961,23294,22734,23245,23245,23174,23175,,,,,,,,,,,,,,,,,,,,,,,,,,,,,,,,,,,,,,,,,,,,,,,,,,,,,,,,,,,,,,,,,,,,,,,,,,,,,,,,,,,,,,,,,,,,
550644,22993,SET OF 4 PANTRY JELLY MOULDS,1,19/04/2011 16:19:00,1.25,12733,USA,,580158,02/12/2011 10:41:00,22712,23344,85099B,23209,79191C,23392,84828,23158,21507,21508,22027,,,,,,,,,,,,,,,,,,,,,,,,,,,,,,,,,,,,,,,,,,,,,,,,,,,,,,,,,,,,,,,,,,,,,,,,,,,,,,,,,,,,,,,,,,,,,,,,,,,,,,,,,,
550644,47580,TEA TIME DES TEA COSY,1,19/04/2011 16:19:00,2.55,12733,USA,,580553,05/12/2011 10:14:00,21242,21243,21245,21238,21239,84997A,84997C,84997B,84997D,23328,23366,23303,23305,23304,20677,20674,20675,20676,20975,22083,21240,,,,,,,,,,,,,,,,,,,,,,,,,,,,,,,,,,,,,,,,,,,,,,,,,,,,,,,,,,,,,,,,,,,,,,,,,,,,,,,,,,,,,,,,,,,,,,,,
550644,22989,SET 2 PANTRY DESIGN TEA TOWELS,1,19/04/2011 16:19:00,3.25,12733,USA,,C581229,08/12/2011 10:14:00,85099B,84828,79191C,23392,23344,23209,23158,22712,22027,21508,21507,,,,,,,,,,,,,,,,,,,,,,,,,,,,,,,,,,,,,,,,,,,,,,,,,,,,,,,,,,,,,,,,,,,,,,,,,,,,,,,,,,,,,,,,,,,,,,,,,,,,,,,,,,
550644,22900, SET 2 TEA TOWELS I LOVE LONDON ,1,19/04/2011 16:19:00,3.25,12733,USA,,,,,,,,,,,,,,,,,,,,,,,,,,,,,,,,,,,,,,,,,,,,,,,,,,,,,,,,,,,,,,,,,,,,,,,,,,,,,,,,,,,,,,,,,,,,,,,,,,,,,,,,,,,,,,,,,,,,,,,,
550644,22128,PARTY CONES CANDY ASSORTED,1,19/04/2011 16:19:00,1.25,12733,USA,,,,,,,,,,,,,,,,,,,,,,,,,,,,,,,,,,,,,,,,,,,,,,,,,,,,,,,,,,,,,,,,,,,,,,,,,,,,,,,,,,,,,,,,,,,,,,,,,,,,,,,,,,,,,,,,,,,,,,,,
550644,47590B,PINK HAPPY BIRTHDAY BUNTING,1,19/04/2011 16:19:00,5.45,12733,USA,,,,,,,,,,,,,,,,,,,,,,,,,,,,,,,,,,,,,,,,,,,,,,,,,,,,,,,,,,,,,,,,,,,,,,,,,,,,,,,,,,,,,,,,,,,,,,,,,,,,,,,,,,,,,,,,,,,,,,,,
550644,22965,3 TRADITIONAl BISCUIT CUTTERS  SET,1,19/04/2011 16:19:00,2.1,12733,USA,,,,,,,,,,,,,,,,,,,,,,,,,,,,,,,,,,,,,,,,,,,,,,,,,,,,,,,,,,,,,,,,,,,,,,,,,,,,,,,,,,,,,,,,,,,,,,,,,,,,,,,,,,,,,,,,,,,,,,,,
550644,22088,PAPER BUNTING COLOURED LACE,1,19/04/2011 16:19:00,2.95,12733,USA,,,,,,,,,,,,,,,,,,,,,,,,,,,,,,,,,,,,,,,,,,,,,,,,,,,,,,,,,,,,,,,,,,,,,,,,,,,,,,,,,,,,,,,,,,,,,,,,,,,,,,,,,,,,,,,,,,,,,,,,
550644,22990,COTTON APRON PANTRY DESIGN,1,19/04/2011 16:19:00,4.95,12733,USA,,,,,,,,,,,,,,,,,,,,,,,,,,,,,,,,,,,,,,,,,,,,,,,,,,,,,,,,,,,,,,,,,,,,,,,,,,,,,,,,,,,,,,,,,,,,,,,,,,,,,,,,,,,,,,,,,,,,,,,,
550644,22129,PARTY CONES CANDY TREE DECORATION,1,19/04/2011 16:19:00,0.85,12733,USA,,,,,,,,,,,,,,,,,,,,,,,,,,,,,,,,,,,,,,,,,,,,,,,,,,,,,,,,,,,,,,,,,,,,,,,,,,,,,,,,,,,,,,,,,,,,,,,,,,,,,,,,,,,,,,,,,,,,,,,,
550644,21067,VINTAGE RED TEATIME MUG,1,19/04/2011 16:19:00,1.25,12733,USA,,,,,,,,,,,,,,,,,,,,,,,,,,,,,,,,,,,,,,,,,,,,,,,,,,,,,,,,,,,,,,,,,,,,,,,,,,,,,,,,,,,,,,,,,,,,,,,,,,,,,,,,,,,,,,,,,,,,,,,,
550644,22149,FELTCRAFT 6 FLOWER FRIENDS,1,19/04/2011 16:19:00,2.1,12733,USA,,,,,,,,,,,,,,,,,,,,,,,,,,,,,,,,,,,,,,,,,,,,,,,,,,,,,,,,,,,,,,,,,,,,,,,,,,,,,,,,,,,,,,,,,,,,,,,,,,,,,,,,,,,,,,,,,,,,,,,,
550644,22147,FELTCRAFT BUTTERFLY HEARTS,1,19/04/2011 16:19:00,1.45,12733,USA,,,,,,,,,,,,,,,,,,,,,,,,,,,,,,,,,,,,,,,,,,,,,,,,,,,,,,,,,,,,,,,,,,,,,,,,,,,,,,,,,,,,,,,,,,,,,,,,,,,,,,,,,,,,,,,,,,,,,,,,
550644,22301,COFFEE MUG CAT + BIRD DESIGN,1,19/04/2011 16:19:00,2.55,12733,USA,,,,,,,,,,,,,,,,,,,,,,,,,,,,,,,,,,,,,,,,,,,,,,,,,,,,,,,,,,,,,,,,,,,,,,,,,,,,,,,,,,,,,,,,,,,,,,,,,,,,,,,,,,,,,,,,,,,,,,,,
550644,22970,LONDON BUS COFFEE MUG,1,19/04/2011 16:19:00,2.55,12733,USA,,,,,,,,,,,,,,,,,,,,,,,,,,,,,,,,,,,,,,,,,,,,,,,,,,,,,,,,,,,,,,,,,,,,,,,,,,,,,,,,,,,,,,,,,,,,,,,,,,,,,,,,,,,,,,,,,,,,,,,,
550644,22423,REGENCY CAKESTAND 3 TIER,1,19/04/2011 16:19:00,12.75,12733,USA,,,,,,,,,,,,,,,,,,,,,,,,,,,,,,,,,,,,,,,,,,,,,,,,,,,,,,,,,,,,,,,,,,,,,,,,,,,,,,,,,,,,,,,,,,,,,,,,,,,,,,,,,,,,,,,,,,,,,,,,
550644,37501,TEA TIME TEA SET IN GIFT BOX,1,19/04/2011 16:19:00,6.95,12733,USA,,,,,,,,,,,,,,,,,,,,,,,,,,,,,,,,,,,,,,,,,,,,,,,,,,,,,,,,,,,,,,,,,,,,,,,,,,,,,,,,,,,,,,,,,,,,,,,,,,,,,,,,,,,,,,,,,,,,,,,,
550644,37500,TEA TIME TEAPOT IN GIFT BOX,1,19/04/2011 16:19:00,4.95,12733,USA,,,,,,,,,,,,,,,,,,,,,,,,,,,,,,,,,,,,,,,,,,,,,,,,,,,,,,,,,,,,,,,,,,,,,,,,,,,,,,,,,,,,,,,,,,,,,,,,,,,,,,,,,,,,,,,,,,,,,,,,
570467,22551,PLASTERS IN TIN SPACEBOY,1,10/10/2011 16:06:00,1.65,12607,USA,,,,,,,,,,,,,,,,,,,,,,,,,,,,,,,,,,,,,,,,,,,,,,,,,,,,,,,,,,,,,,,,,,,,,,,,,,,,,,,,,,,,,,,,,,,,,,,,,,,,,,,,,,,,,,,,,,,,,,,,
570467,21915,RED  HARMONICA IN BOX ,1,10/10/2011 16:06:00,1.25,12607,USA,,,,,,,,,,,,,,,,,,,,,,,,,,,,,,,,,,,,,,,,,,,,,,,,,,,,,,,,,,,,,,,,,,,,,,,,,,,,,,,,,,,,,,,,,,,,,,,,,,,,,,,,,,,,,,,,,,,,,,,,
570467,22619,SET OF 6 SOLDIER SKITTLES,1,10/10/2011 16:06:00,3.75,12607,USA,,,,,,,,,,,,,,,,,,,,,,,,,,,,,,,,,,,,,,,,,,,,,,,,,,,,,,,,,,,,,,,,,,,,,,,,,,,,,,,,,,,,,,,,,,,,,,,,,,,,,,,,,,,,,,,,,,,,,,,,
570467,22138,BAKING SET 9 PIECE RETROSPOT ,1,10/10/2011 16:06:00,4.95,12607,USA,,,,,,,,,,,,,,,,,,,,,,,,,,,,,,,,,,,,,,,,,,,,,,,,,,,,,,,,,,,,,,,,,,,,,,,,,,,,,,,,,,,,,,,,,,,,,,,,,,,,,,,,,,,,,,,,,,,,,,,,
570467,21524,DOORMAT SPOTTY HOME SWEET HOME,1,10/10/2011 16:06:00,8.25,12607,USA,,,,,,,,,,,,,,,,,,,,,,,,,,,,,,,,,,,,,,,,,,,,,,,,,,,,,,,,,,,,,,,,,,,,,,,,,,,,,,,,,,,,,,,,,,,,,,,,,,,,,,,,,,,,,,,,,,,,,,,,
570467,21668,RED STRIPE CERAMIC DRAWER KNOB,1,10/10/2011 16:06:00,1.45,12607,USA,,,,,,,,,,,,,,,,,,,,,,,,,,,,,,,,,,,,,,,,,,,,,,,,,,,,,,,,,,,,,,,,,,,,,,,,,,,,,,,,,,,,,,,,,,,,,,,,,,,,,,,,,,,,,,,,,,,,,,,,
570467,21671,RED SPOT CERAMIC DRAWER KNOB,1,10/10/2011 16:06:00,1.45,12607,USA,,,,,,,,,,,,,,,,,,,,,,,,,,,,,,,,,,,,,,,,,,,,,,,,,,,,,,,,,,,,,,,,,,,,,,,,,,,,,,,,,,,,,,,,,,,,,,,,,,,,,,,,,,,,,,,,,,,,,,,,
570467,21669,BLUE STRIPE CERAMIC DRAWER KNOB,1,10/10/2011 16:06:00,1.45,12607,USA,,,,,,,,,,,,,,,,,,,,,,,,,,,,,,,,,,,,,,,,,,,,,,,,,,,,,,,,,,,,,,,,,,,,,,,,,,,,,,,,,,,,,,,,,,,,,,,,,,,,,,,,,,,,,,,,,,,,,,,,
570467,22090,PAPER BUNTING RETROSPOT,1,10/10/2011 16:06:00,2.95,12607,USA,,,,,,,,,,,,,,,,,,,,,,,,,,,,,,,,,,,,,,,,,,,,,,,,,,,,,,,,,,,,,,,,,,,,,,,,,,,,,,,,,,,,,,,,,,,,,,,,,,,,,,,,,,,,,,,,,,,,,,,,
570467,22668,PINK BABY BUNTING,1,10/10/2011 16:06:00,2.95,12607,USA,,,,,,,,,,,,,,,,,,,,,,,,,,,,,,,,,,,,,,,,,,,,,,,,,,,,,,,,,,,,,,,,,,,,,,,,,,,,,,,,,,,,,,,,,,,,,,,,,,,,,,,,,,,,,,,,,,,,,,,,
570467,47590A,BLUE HAPPY BIRTHDAY BUNTING,1,10/10/2011 16:06:00,5.45,12607,USA,,,,,,,,,,,,,,,,,,,,,,,,,,,,,,,,,,,,,,,,,,,,,,,,,,,,,,,,,,,,,,,,,,,,,,,,,,,,,,,,,,,,,,,,,,,,,,,,,,,,,,,,,,,,,,,,,,,,,,,,
570467,47590B,PINK HAPPY BIRTHDAY BUNTING,1,10/10/2011 16:06:00,5.45,12607,USA,,,,,,,,,,,,,,,,,,,,,,,,,,,,,,,,,,,,,,,,,,,,,,,,,,,,,,,,,,,,,,,,,,,,,,,,,,,,,,,,,,,,,,,,,,,,,,,,,,,,,,,,,,,,,,,,,,,,,,,,
570467,22974,CHILDRENS DOLLY GIRL MUG,1,10/10/2011 16:06:00,1.65,12607,USA,,,,,,,,,,,,,,,,,,,,,,,,,,,,,,,,,,,,,,,,,,,,,,,,,,,,,,,,,,,,,,,,,,,,,,,,,,,,,,,,,,,,,,,,,,,,,,,,,,,,,,,,,,,,,,,,,,,,,,,,
570467,22972,CHILDREN'S SPACEBOY MUG,1,10/10/2011 16:06:00,1.65,12607,USA,,,,,,,,,,,,,,,,,,,,,,,,,,,,,,,,,,,,,,,,,,,,,,,,,,,,,,,,,,,,,,,,,,,,,,,,,,,,,,,,,,,,,,,,,,,,,,,,,,,,,,,,,,,,,,,,,,,,,,,,
570467,22326,ROUND SNACK BOXES SET OF4 WOODLAND ,1,10/10/2011 16:06:00,2.95,12607,USA,,,,,,,,,,,,,,,,,,,,,,,,,,,,,,,,,,,,,,,,,,,,,,,,,,,,,,,,,,,,,,,,,,,,,,,,,,,,,,,,,,,,,,,,,,,,,,,,,,,,,,,,,,,,,,,,,,,,,,,,
570467,21231,SWEETHEART CERAMIC TRINKET BOX,1,10/10/2011 16:06:00,1.25,12607,USA,,,,,,,,,,,,,,,,,,,,,,,,,,,,,,,,,,,,,,,,,,,,,,,,,,,,,,,,,,,,,,,,,,,,,,,,,,,,,,,,,,,,,,,,,,,,,,,,,,,,,,,,,,,,,,,,,,,,,,,,
570467,21232,STRAWBERRY CERAMIC TRINKET BOX,1,10/10/2011 16:06:00,1.25,12607,USA,,,,,,,,,,,,,,,,,,,,,,,,,,,,,,,,,,,,,,,,,,,,,,,,,,,,,,,,,,,,,,,,,,,,,,,,,,,,,,,,,,,,,,,,,,,,,,,,,,,,,,,,,,,,,,,,,,,,,,,,
570467,22949,36 DOILIES DOLLY GIRL,1,10/10/2011 16:06:00,1.45,12607,USA,,,,,,,,,,,,,,,,,,,,,,,,,,,,,,,,,,,,,,,,,,,,,,,,,,,,,,,,,,,,,,,,,,,,,,,,,,,,,,,,,,,,,,,,,,,,,,,,,,,,,,,,,,,,,,,,,,,,,,,,
570467,21974,SET OF 36 PAISLEY FLOWER DOILIES,1,10/10/2011 16:06:00,1.45,12607,USA,,,,,,,,,,,,,,,,,,,,,,,,,,,,,,,,,,,,,,,,,,,,,,,,,,,,,,,,,,,,,,,,,,,,,,,,,,,,,,,,,,,,,,,,,,,,,,,,,,,,,,,,,,,,,,,,,,,,,,,,
570467,84987,SET OF 36 TEATIME PAPER DOILIES,1,10/10/2011 16:06:00,1.45,12607,USA,,,,,,,,,,,,,,,,,,,,,,,,,,,,,,,,,,,,,,,,,,,,,,,,,,,,,,,,,,,,,,,,,,,,,,,,,,,,,,,,,,,,,,,,,,,,,,,,,,,,,,,,,,,,,,,,,,,,,,,,
570467,84509A,SET OF 4 ENGLISH ROSE PLACEMATS,1,10/10/2011 16:06:00,3.75,12607,USA,,,,,,,,,,,,,,,,,,,,,,,,,,,,,,,,,,,,,,,,,,,,,,,,,,,,,,,,,,,,,,,,,,,,,,,,,,,,,,,,,,,,,,,,,,,,,,,,,,,,,,,,,,,,,,,,,,,,,,,,
570467,37448,CERAMIC CAKE DESIGN SPOTTED MUG,1,10/10/2011 16:06:00,1.49,12607,USA,,,,,,,,,,,,,,,,,,,,,,,,,,,,,,,,,,,,,,,,,,,,,,,,,,,,,,,,,,,,,,,,,,,,,,,,,,,,,,,,,,,,,,,,,,,,,,,,,,,,,,,,,,,,,,,,,,,,,,,,
570467,22649,STRAWBERRY FAIRY CAKE TEAPOT,1,10/10/2011 16:06:00,4.95,12607,USA,,,,,,,,,,,,,,,,,,,,,,,,,,,,,,,,,,,,,,,,,,,,,,,,,,,,,,,,,,,,,,,,,,,,,,,,,,,,,,,,,,,,,,,,,,,,,,,,,,,,,,,,,,,,,,,,,,,,,,,,
570467,22951,60 CAKE CASES DOLLY GIRL DESIGN,1,10/10/2011 16:06:00,0.55,12607,USA,,,,,,,,,,,,,,,,,,,,,,,,,,,,,,,,,,,,,,,,,,,,,,,,,,,,,,,,,,,,,,,,,,,,,,,,,,,,,,,,,,,,,,,,,,,,,,,,,,,,,,,,,,,,,,,,,,,,,,,,
570467,21976,PACK OF 60 MUSHROOM CAKE CASES,1,10/10/2011 16:06:00,0.55,12607,USA,,,,,,,,,,,,,,,,,,,,,,,,,,,,,,,,,,,,,,,,,,,,,,,,,,,,,,,,,,,,,,,,,,,,,,,,,,,,,,,,,,,,,,,,,,,,,,,,,,,,,,,,,,,,,,,,,,,,,,,,
570467,22417,PACK OF 60 SPACEBOY CAKE CASES,1,10/10/2011 16:06:00,0.55,12607,USA,,,,,,,,,,,,,,,,,,,,,,,,,,,,,,,,,,,,,,,,,,,,,,,,,,,,,,,,,,,,,,,,,,,,,,,,,,,,,,,,,,,,,,,,,,,,,,,,,,,,,,,,,,,,,,,,,,,,,,,,
570467,21212,PACK OF 72 RETROSPOT CAKE CASES,1,10/10/2011 16:06:00,0.55,12607,USA,,,,,,,,,,,,,,,,,,,,,,,,,,,,,,,,,,,,,,,,,,,,,,,,,,,,,,,,,,,,,,,,,,,,,,,,,,,,,,,,,,,,,,,,,,,,,,,,,,,,,,,,,,,,,,,,,,,,,,,,
570467,22938,CUPCAKE LACE PAPER SET 6,1,10/10/2011 16:06:00,1.95,12607,USA,,,,,,,,,,,,,,,,,,,,,,,,,,,,,,,,,,,,,,,,,,,,,,,,,,,,,,,,,,,,,,,,,,,,,,,,,,,,,,,,,,,,,,,,,,,,,,,,,,,,,,,,,,,,,,,,,,,,,,,,
570467,84991,60 TEATIME FAIRY CAKE CASES,1,10/10/2011 16:06:00,0.55,12607,USA,,,,,,,,,,,,,,,,,,,,,,,,,,,,,,,,,,,,,,,,,,,,,,,,,,,,,,,,,,,,,,,,,,,,,,,,,,,,,,,,,,,,,,,,,,,,,,,,,,,,,,,,,,,,,,,,,,,,,,,,
570467,22199,FRYING PAN RED RETROSPOT,1,10/10/2011 16:06:00,4.25,12607,USA,,,,,,,,,,,,,,,,,,,,,,,,,,,,,,,,,,,,,,,,,,,,,,,,,,,,,,,,,,,,,,,,,,,,,,,,,,,,,,,,,,,,,,,,,,,,,,,,,,,,,,,,,,,,,,,,,,,,,,,,
570467,22848,BREAD BIN DINER STYLE PINK,1,10/10/2011 16:06:00,16.95,12607,USA,,,,,,,,,,,,,,,,,,,,,,,,,,,,,,,,,,,,,,,,,,,,,,,,,,,,,,,,,,,,,,,,,,,,,,,,,,,,,,,,,,,,,,,,,,,,,,,,,,,,,,,,,,,,,,,,,,,,,,,,
570467,22204,MILK PAN BLUE POLKADOT,1,10/10/2011 16:06:00,3.75,12607,USA,,,,,,,,,,,,,,,,,,,,,,,,,,,,,,,,,,,,,,,,,,,,,,,,,,,,,,,,,,,,,,,,,,,,,,,,,,,,,,,,,,,,,,,,,,,,,,,,,,,,,,,,,,,,,,,,,,,,,,,,
570467,22360,GLASS JAR ENGLISH CONFECTIONERY,1,10/10/2011 16:06:00,2.95,12607,USA,,,,,,,,,,,,,,,,,,,,,,,,,,,,,,,,,,,,,,,,,,,,,,,,,,,,,,,,,,,,,,,,,,,,,,,,,,,,,,,,,,,,,,,,,,,,,,,,,,,,,,,,,,,,,,,,,,,,,,,,
570467,47559B,TEA TIME OVEN GLOVE,1,10/10/2011 16:06:00,1.25,12607,USA,,,,,,,,,,,,,,,,,,,,,,,,,,,,,,,,,,,,,,,,,,,,,,,,,,,,,,,,,,,,,,,,,,,,,,,,,,,,,,,,,,,,,,,,,,,,,,,,,,,,,,,,,,,,,,,,,,,,,,,,
570467,22399,MAGNETS PACK OF 4 CHILDHOOD MEMORY,1,10/10/2011 16:06:00,1.25,12607,USA,,,,,,,,,,,,,,,,,,,,,,,,,,,,,,,,,,,,,,,,,,,,,,,,,,,,,,,,,,,,,,,,,,,,,,,,,,,,,,,,,,,,,,,,,,,,,,,,,,,,,,,,,,,,,,,,,,,,,,,,
570467,22922,FRIDGE MAGNETS US DINER ASSORTED,1,10/10/2011 16:06:00,0.85,12607,USA,,,,,,,,,,,,,,,,,,,,,,,,,,,,,,,,,,,,,,,,,,,,,,,,,,,,,,,,,,,,,,,,,,,,,,,,,,,,,,,,,,,,,,,,,,,,,,,,,,,,,,,,,,,,,,,,,,,,,,,,
570467,23156,SET OF 5 MINI GROCERY MAGNETS,1,10/10/2011 16:06:00,2.08,12607,USA,,,,,,,,,,,,,,,,,,,,,,,,,,,,,,,,,,,,,,,,,,,,,,,,,,,,,,,,,,,,,,,,,,,,,,,,,,,,,,,,,,,,,,,,,,,,,,,,,,,,,,,,,,,,,,,,,,,,,,,,
570467,23159,SET OF 5 PANCAKE DAY MAGNETS,1,10/10/2011 16:06:00,2.08,12607,USA,,,,,,,,,,,,,,,,,,,,,,,,,,,,,,,,,,,,,,,,,,,,,,,,,,,,,,,,,,,,,,,,,,,,,,,,,,,,,,,,,,,,,,,,,,,,,,,,,,,,,,,,,,,,,,,,,,,,,,,,
570467,22027,TEA PARTY BIRTHDAY CARD,1,10/10/2011 16:06:00,0.42,12607,USA,,,,,,,,,,,,,,,,,,,,,,,,,,,,,,,,,,,,,,,,,,,,,,,,,,,,,,,,,,,,,,,,,,,,,,,,,,,,,,,,,,,,,,,,,,,,,,,,,,,,,,,,,,,,,,,,,,,,,,,,
570467,22029,SPACEBOY BIRTHDAY CARD,1,10/10/2011 16:06:00,0.42,12607,USA,,,,,,,,,,,,,,,,,,,,,,,,,,,,,,,,,,,,,,,,,,,,,,,,,,,,,,,,,,,,,,,,,,,,,,,,,,,,,,,,,,,,,,,,,,,,,,,,,,,,,,,,,,,,,,,,,,,,,,,,
570467,22983,CARD BILLBOARD FONT,1,10/10/2011 16:06:00,0.42,12607,USA,,,,,,,,,,,,,,,,,,,,,,,,,,,,,,,,,,,,,,,,,,,,,,,,,,,,,,,,,,,,,,,,,,,,,,,,,,,,,,,,,,,,,,,,,,,,,,,,,,,,,,,,,,,,,,,,,,,,,,,,
570467,22712,CARD DOLLY GIRL ,1,10/10/2011 16:06:00,0.42,12607,USA,,,,,,,,,,,,,,,,,,,,,,,,,,,,,,,,,,,,,,,,,,,,,,,,,,,,,,,,,,,,,,,,,,,,,,,,,,,,,,,,,,,,,,,,,,,,,,,,,,,,,,,,,,,,,,,,,,,,,,,,
570467,16161P,WRAP ENGLISH ROSE ,1,10/10/2011 16:06:00,0.42,12607,USA,,,,,,,,,,,,,,,,,,,,,,,,,,,,,,,,,,,,,,,,,,,,,,,,,,,,,,,,,,,,,,,,,,,,,,,,,,,,,,,,,,,,,,,,,,,,,,,,,,,,,,,,,,,,,,,,,,,,,,,,
570467,21498,RED RETROSPOT WRAP ,1,10/10/2011 16:06:00,0.42,12607,USA,,,,,,,,,,,,,,,,,,,,,,,,,,,,,,,,,,,,,,,,,,,,,,,,,,,,,,,,,,,,,,,,,,,,,,,,,,,,,,,,,,,,,,,,,,,,,,,,,,,,,,,,,,,,,,,,,,,,,,,,
570467,21499,BLUE POLKADOT WRAP,1,10/10/2011 16:06:00,0.42,12607,USA,,,,,,,,,,,,,,,,,,,,,,,,,,,,,,,,,,,,,,,,,,,,,,,,,,,,,,,,,,,,,,,,,,,,,,,,,,,,,,,,,,,,,,,,,,,,,,,,,,,,,,,,,,,,,,,,,,,,,,,,
570467,22046,TEA PARTY  WRAPPING PAPER ,1,10/10/2011 16:06:00,0.42,12607,USA,,,,,,,,,,,,,,,,,,,,,,,,,,,,,,,,,,,,,,,,,,,,,,,,,,,,,,,,,,,,,,,,,,,,,,,,,,,,,,,,,,,,,,,,,,,,,,,,,,,,,,,,,,,,,,,,,,,,,,,,
570467,22048,BIRTHDAY BANQUET GIFT WRAP,1,10/10/2011 16:06:00,0.42,12607,USA,,,,,,,,,,,,,,,,,,,,,,,,,,,,,,,,,,,,,,,,,,,,,,,,,,,,,,,,,,,,,,,,,,,,,,,,,,,,,,,,,,,,,,,,,,,,,,,,,,,,,,,,,,,,,,,,,,,,,,,,
570467,22050,PINK PAISLEY ROSE GIFT WRAP,1,10/10/2011 16:06:00,0.42,12607,USA,,,,,,,,,,,,,,,,,,,,,,,,,,,,,,,,,,,,,,,,,,,,,,,,,,,,,,,,,,,,,,,,,,,,,,,,,,,,,,,,,,,,,,,,,,,,,,,,,,,,,,,,,,,,,,,,,,,,,,,,
570467,22708,WRAP DOLLY GIRL,1,10/10/2011 16:06:00,0.42,12607,USA,,,,,,,,,,,,,,,,,,,,,,,,,,,,,,,,,,,,,,,,,,,,,,,,,,,,,,,,,,,,,,,,,,,,,,,,,,,,,,,,,,,,,,,,,,,,,,,,,,,,,,,,,,,,,,,,,,,,,,,,
570467,22706,WRAP COWBOYS  ,1,10/10/2011 16:06:00,0.42,12607,USA,,,,,,,,,,,,,,,,,,,,,,,,,,,,,,,,,,,,,,,,,,,,,,,,,,,,,,,,,,,,,,,,,,,,,,,,,,,,,,,,,,,,,,,,,,,,,,,,,,,,,,,,,,,,,,,,,,,,,,,,
570467,21122,SET/10 PINK POLKADOT PARTY CANDLES,1,10/10/2011 16:06:00,1.25,12607,USA,,,,,,,,,,,,,,,,,,,,,,,,,,,,,,,,,,,,,,,,,,,,,,,,,,,,,,,,,,,,,,,,,,,,,,,,,,,,,,,,,,,,,,,,,,,,,,,,,,,,,,,,,,,,,,,,,,,,,,,,
570467,21123,SET/10 IVORY POLKADOT PARTY CANDLES,1,10/10/2011 16:06:00,1.25,12607,USA,,,,,,,,,,,,,,,,,,,,,,,,,,,,,,,,,,,,,,,,,,,,,,,,,,,,,,,,,,,,,,,,,,,,,,,,,,,,,,,,,,,,,,,,,,,,,,,,,,,,,,,,,,,,,,,,,,,,,,,,
570467,21891,TRADITIONAL WOODEN SKIPPING ROPE,1,10/10/2011 16:06:00,1.45,12607,USA,,,,,,,,,,,,,,,,,,,,,,,,,,,,,,,,,,,,,,,,,,,,,,,,,,,,,,,,,,,,,,,,,,,,,,,,,,,,,,,,,,,,,,,,,,,,,,,,,,,,,,,,,,,,,,,,,,,,,,,,
570467,23166,MEDIUM CERAMIC TOP STORAGE JAR,1,10/10/2011 16:06:00,1.25,12607,USA,,,,,,,,,,,,,,,,,,,,,,,,,,,,,,,,,,,,,,,,,,,,,,,,,,,,,,,,,,,,,,,,,,,,,,,,,,,,,,,,,,,,,,,,,,,,,,,,,,,,,,,,,,,,,,,,,,,,,,,,
570467,23165,LARGE CERAMIC TOP STORAGE JAR,1,10/10/2011 16:06:00,1.65,12607,USA,,,,,,,,,,,,,,,,,,,,,,,,,,,,,,,,,,,,,,,,,,,,,,,,,,,,,,,,,,,,,,,,,,,,,,,,,,,,,,,,,,,,,,,,,,,,,,,,,,,,,,,,,,,,,,,,,,,,,,,,
570467,23167,SMALL CERAMIC TOP STORAGE JAR ,1,10/10/2011 16:06:00,0.83,12607,USA,,,,,,,,,,,,,,,,,,,,,,,,,,,,,,,,,,,,,,,,,,,,,,,,,,,,,,,,,,,,,,,,,,,,,,,,,,,,,,,,,,,,,,,,,,,,,,,,,,,,,,,,,,,,,,,,,,,,,,,,
570467,48185,DOORMAT FAIRY CAKE,1,10/10/2011 16:06:00,8.25,12607,USA,,,,,,,,,,,,,,,,,,,,,,,,,,,,,,,,,,,,,,,,,,,,,,,,,,,,,,,,,,,,,,,,,,,,,,,,,,,,,,,,,,,,,,,,,,,,,,,,,,,,,,,,,,,,,,,,,,,,,,,,
570467,23372,SET 36 COLOUR PENCILS DOLLY GIRL,1,10/10/2011 16:06:00,1.25,12607,USA,,,,,,,,,,,,,,,,,,,,,,,,,,,,,,,,,,,,,,,,,,,,,,,,,,,,,,,,,,,,,,,,,,,,,,,,,,,,,,,,,,,,,,,,,,,,,,,,,,,,,,,,,,,,,,,,,,,,,,,,
570467,23367,SET 12 COLOUR PENCILS SPACEBOY ,1,10/10/2011 16:06:00,0.65,12607,USA,,,,,,,,,,,,,,,,,,,,,,,,,,,,,,,,,,,,,,,,,,,,,,,,,,,,,,,,,,,,,,,,,,,,,,,,,,,,,,,,,,,,,,,,,,,,,,,,,,,,,,,,,,,,,,,,,,,,,,,,
570467,23513,EMBROIDERED RIBBON REEL SUSIE ,1,10/10/2011 16:06:00,2.08,12607,USA,,,,,,,,,,,,,,,,,,,,,,,,,,,,,,,,,,,,,,,,,,,,,,,,,,,,,,,,,,,,,,,,,,,,,,,,,,,,,,,,,,,,,,,,,,,,,,,,,,,,,,,,,,,,,,,,,,,,,,,,
570467,23518,EMBROIDERED RIBBON REEL RACHEL ,1,10/10/2011 16:06:00,2.89,12607,USA,,,,,,,,,,,,,,,,,,,,,,,,,,,,,,,,,,,,,,,,,,,,,,,,,,,,,,,,,,,,,,,,,,,,,,,,,,,,,,,,,,,,,,,,,,,,,,,,,,,,,,,,,,,,,,,,,,,,,,,,
570467,23514,EMBROIDERED RIBBON REEL SALLY ,1,10/10/2011 16:06:00,2.08,12607,USA,,,,,,,,,,,,,,,,,,,,,,,,,,,,,,,,,,,,,,,,,,,,,,,,,,,,,,,,,,,,,,,,,,,,,,,,,,,,,,,,,,,,,,,,,,,,,,,,,,,,,,,,,,,,,,,,,,,,,,,,
570467,22139,RETROSPOT TEA SET CERAMIC 11 PC ,1,10/10/2011 16:06:00,4.95,12607,USA,,,,,,,,,,,,,,,,,,,,,,,,,,,,,,,,,,,,,,,,,,,,,,,,,,,,,,,,,,,,,,,,,,,,,,,,,,,,,,,,,,,,,,,,,,,,,,,,,,,,,,,,,,,,,,,,,,,,,,,,
570467,23078,ICE CREAM PEN LIP GLOSS ,1,10/10/2011 16:06:00,1.25,12607,USA,,,,,,,,,,,,,,,,,,,,,,,,,,,,,,,,,,,,,,,,,,,,,,,,,,,,,,,,,,,,,,,,,,,,,,,,,,,,,,,,,,,,,,,,,,,,,,,,,,,,,,,,,,,,,,,,,,,,,,,,
570467,23077,DOUGHNUT LIP GLOSS ,1,10/10/2011 16:06:00,1.25,12607,USA,,,,,,,,,,,,,,,,,,,,,,,,,,,,,,,,,,,,,,,,,,,,,,,,,,,,,,,,,,,,,,,,,,,,,,,,,,,,,,,,,,,,,,,,,,,,,,,,,,,,,,,,,,,,,,,,,,,,,,,,
570467,21058,PARTY INVITES WOODLAND,1,10/10/2011 16:06:00,0.85,12607,USA,,,,,,,,,,,,,,,,,,,,,,,,,,,,,,,,,,,,,,,,,,,,,,,,,,,,,,,,,,,,,,,,,,,,,,,,,,,,,,,,,,,,,,,,,,,,,,,,,,,,,,,,,,,,,,,,,,,,,,,,
570467,21059,PARTY INVITES DINOSAURS,1,10/10/2011 16:06:00,0.85,12607,USA,,,,,,,,,,,,,,,,,,,,,,,,,,,,,,,,,,,,,,,,,,,,,,,,,,,,,,,,,,,,,,,,,,,,,,,,,,,,,,,,,,,,,,,,,,,,,,,,,,,,,,,,,,,,,,,,,,,,,,,,
570467,22720,SET OF 3 CAKE TINS PANTRY DESIGN ,1,10/10/2011 16:06:00,4.95,12607,USA,,,,,,,,,,,,,,,,,,,,,,,,,,,,,,,,,,,,,,,,,,,,,,,,,,,,,,,,,,,,,,,,,,,,,,,,,,,,,,,,,,,,,,,,,,,,,,,,,,,,,,,,,,,,,,,,,,,,,,,,
570467,22492,MINI PAINT SET VINTAGE ,1,10/10/2011 16:06:00,0.65,12607,USA,,,,,,,,,,,,,,,,,,,,,,,,,,,,,,,,,,,,,,,,,,,,,,,,,,,,,,,,,,,,,,,,,,,,,,,,,,,,,,,,,,,,,,,,,,,,,,,,,,,,,,,,,,,,,,,,,,,,,,,,
570467,22738,RIBBON REEL SNOWY VILLAGE,1,10/10/2011 16:06:00,1.65,12607,USA,,,,,,,,,,,,,,,,,,,,,,,,,,,,,,,,,,,,,,,,,,,,,,,,,,,,,,,,,,,,,,,,,,,,,,,,,,,,,,,,,,,,,,,,,,,,,,,,,,,,,,,,,,,,,,,,,,,,,,,,
570467,22734,SET OF 6 RIBBONS VINTAGE CHRISTMAS,1,10/10/2011 16:06:00,2.89,12607,USA,,,,,,,,,,,,,,,,,,,,,,,,,,,,,,,,,,,,,,,,,,,,,,,,,,,,,,,,,,,,,,,,,,,,,,,,,,,,,,,,,,,,,,,,,,,,,,,,,,,,,,,,,,,,,,,,,,,,,,,,
570467,22737,RIBBON REEL CHRISTMAS PRESENT ,1,10/10/2011 16:06:00,1.65,12607,USA,,,,,,,,,,,,,,,,,,,,,,,,,,,,,,,,,,,,,,,,,,,,,,,,,,,,,,,,,,,,,,,,,,,,,,,,,,,,,,,,,,,,,,,,,,,,,,,,,,,,,,,,,,,,,,,,,,,,,,,,
570467,23434,3 RAFFIA RIBBONS 50'S CHRISTMAS ,1,10/10/2011 16:06:00,0.79,12607,USA,,,,,,,,,,,,,,,,,,,,,,,,,,,,,,,,,,,,,,,,,,,,,,,,,,,,,,,,,,,,,,,,,,,,,,,,,,,,,,,,,,,,,,,,,,,,,,,,,,,,,,,,,,,,,,,,,,,,,,,,
570467,22736,RIBBON REEL MAKING SNOWMEN ,1,10/10/2011 16:06:00,1.65,12607,USA,,,,,,,,,,,,,,,,,,,,,,,,,,,,,,,,,,,,,,,,,,,,,,,,,,,,,,,,,,,,,,,,,,,,,,,,,,,,,,,,,,,,,,,,,,,,,,,,,,,,,,,,,,,,,,,,,,,,,,,,
570467,22739,RIBBON REEL CHRISTMAS SOCK BAUBLE,1,10/10/2011 16:06:00,1.65,12607,USA,,,,,,,,,,,,,,,,,,,,,,,,,,,,,,,,,,,,,,,,,,,,,,,,,,,,,,,,,,,,,,,,,,,,,,,,,,,,,,,,,,,,,,,,,,,,,,,,,,,,,,,,,,,,,,,,,,,,,,,,
570467,22959,WRAP CHRISTMAS VILLAGE,1,10/10/2011 16:06:00,0.42,12607,USA,,,,,,,,,,,,,,,,,,,,,,,,,,,,,,,,,,,,,,,,,,,,,,,,,,,,,,,,,,,,,,,,,,,,,,,,,,,,,,,,,,,,,,,,,,,,,,,,,,,,,,,,,,,,,,,,,,,,,,,,
570467,22818,CARD CHRISTMAS VILLAGE,1,10/10/2011 16:06:00,0.42,12607,USA,,,,,,,,,,,,,,,,,,,,,,,,,,,,,,,,,,,,,,,,,,,,,,,,,,,,,,,,,,,,,,,,,,,,,,,,,,,,,,,,,,,,,,,,,,,,,,,,,,,,,,,,,,,,,,,,,,,,,,,,
570467,23014,GLASS APOTHECARY BOTTLE ELIXIR,1,10/10/2011 16:06:00,3.95,12607,USA,,,,,,,,,,,,,,,,,,,,,,,,,,,,,,,,,,,,,,,,,,,,,,,,,,,,,,,,,,,,,,,,,,,,,,,,,,,,,,,,,,,,,,,,,,,,,,,,,,,,,,,,,,,,,,,,,,,,,,,,
570467,23229,VINTAGE DONKEY TAIL GAME ,1,10/10/2011 16:06:00,3.75,12607,USA,,,,,,,,,,,,,,,,,,,,,,,,,,,,,,,,,,,,,,,,,,,,,,,,,,,,,,,,,,,,,,,,,,,,,,,,,,,,,,,,,,,,,,,,,,,,,,,,,,,,,,,,,,,,,,,,,,,,,,,,
570467,23289,DOLLY GIRL CHILDRENS BOWL,1,10/10/2011 16:06:00,1.25,12607,USA,,,,,,,,,,,,,,,,,,,,,,,,,,,,,,,,,,,,,,,,,,,,,,,,,,,,,,,,,,,,,,,,,,,,,,,,,,,,,,,,,,,,,,,,,,,,,,,,,,,,,,,,,,,,,,,,,,,,,,,,
570467,23291,DOLLY GIRL CHILDRENS CUP,1,10/10/2011 16:06:00,1.25,12607,USA,,,,,,,,,,,,,,,,,,,,,,,,,,,,,,,,,,,,,,,,,,,,,,,,,,,,,,,,,,,,,,,,,,,,,,,,,,,,,,,,,,,,,,,,,,,,,,,,,,,,,,,,,,,,,,,,,,,,,,,,
570467,23290,SPACEBOY CHILDRENS BOWL,1,10/10/2011 16:06:00,1.25,12607,USA,,,,,,,,,,,,,,,,,,,,,,,,,,,,,,,,,,,,,,,,,,,,,,,,,,,,,,,,,,,,,,,,,,,,,,,,,,,,,,,,,,,,,,,,,,,,,,,,,,,,,,,,,,,,,,,,,,,,,,,,
570467,23292,SPACEBOY CHILDRENS CUP,1,10/10/2011 16:06:00,1.25,12607,USA,,,,,,,,,,,,,,,,,,,,,,,,,,,,,,,,,,,,,,,,,,,,,,,,,,,,,,,,,,,,,,,,,,,,,,,,,,,,,,,,,,,,,,,,,,,,,,,,,,,,,,,,,,,,,,,,,,,,,,,,
570467,21210,SET OF 72 RETROSPOT PAPER  DOILIES,1,10/10/2011 16:06:00,1.45,12607,USA,,,,,,,,,,,,,,,,,,,,,,,,,,,,,,,,,,,,,,,,,,,,,,,,,,,,,,,,,,,,,,,,,,,,,,,,,,,,,,,,,,,,,,,,,,,,,,,,,,,,,,,,,,,,,,,,,,,,,,,,
570467,23353,6 GIFT TAGS VINTAGE CHRISTMAS ,1,10/10/2011 16:06:00,0.83,12607,USA,,,,,,,,,,,,,,,,,,,,,,,,,,,,,,,,,,,,,,,,,,,,,,,,,,,,,,,,,,,,,,,,,,,,,,,,,,,,,,,,,,,,,,,,,,,,,,,,,,,,,,,,,,,,,,,,,,,,,,,,
570467,23349,ROLL WRAP VINTAGE CHRISTMAS,1,10/10/2011 16:06:00,1.25,12607,USA,,,,,,,,,,,,,,,,,,,,,,,,,,,,,,,,,,,,,,,,,,,,,,,,,,,,,,,,,,,,,,,,,,,,,,,,,,,,,,,,,,,,,,,,,,,,,,,,,,,,,,,,,,,,,,,,,,,,,,,,
570467,23351,ROLL WRAP 50'S CHRISTMAS,1,10/10/2011 16:06:00,1.25,12607,USA,,,,,,,,,,,,,,,,,,,,,,,,,,,,,,,,,,,,,,,,,,,,,,,,,,,,,,,,,,,,,,,,,,,,,,,,,,,,,,,,,,,,,,,,,,,,,,,,,,,,,,,,,,,,,,,,,,,,,,,,
570467,23354,6 GIFT TAGS 50'S CHRISTMAS ,1,10/10/2011 16:06:00,0.83,12607,USA,,,,,,,,,,,,,,,,,,,,,,,,,,,,,,,,,,,,,,,,,,,,,,,,,,,,,,,,,,,,,,,,,,,,,,,,,,,,,,,,,,,,,,,,,,,,,,,,,,,,,,,,,,,,,,,,,,,,,,,,
570467,23311,VINTAGE CHRISTMAS STOCKING ,1,10/10/2011 16:06:00,2.55,12607,USA,,,,,,,,,,,,,,,,,,,,,,,,,,,,,,,,,,,,,,,,,,,,,,,,,,,,,,,,,,,,,,,,,,,,,,,,,,,,,,,,,,,,,,,,,,,,,,,,,,,,,,,,,,,,,,,,,,,,,,,,
570467,23309,SET OF 60 I LOVE LONDON CAKE CASES ,1,10/10/2011 16:06:00,0.55,12607,USA,,,,,,,,,,,,,,,,,,,,,,,,,,,,,,,,,,,,,,,,,,,,,,,,,,,,,,,,,,,,,,,,,,,,,,,,,,,,,,,,,,,,,,,,,,,,,,,,,,,,,,,,,,,,,,,,,,,,,,,,
570467,23293,SET OF 12 FAIRY CAKE BAKING CASES,1,10/10/2011 16:06:00,0.83,12607,USA,,,,,,,,,,,,,,,,,,,,,,,,,,,,,,,,,,,,,,,,,,,,,,,,,,,,,,,,,,,,,,,,,,,,,,,,,,,,,,,,,,,,,,,,,,,,,,,,,,,,,,,,,,,,,,,,,,,,,,,,
570467,23255,CHILDRENS CUTLERY CIRCUS PARADE,1,10/10/2011 16:06:00,4.15,12607,USA,,,,,,,,,,,,,,,,,,,,,,,,,,,,,,,,,,,,,,,,,,,,,,,,,,,,,,,,,,,,,,,,,,,,,,,,,,,,,,,,,,,,,,,,,,,,,,,,,,,,,,,,,,,,,,,,,,,,,,,,
570467,23256,CHILDRENS CUTLERY SPACEBOY ,1,10/10/2011 16:06:00,4.15,12607,USA,,,,,,,,,,,,,,,,,,,,,,,,,,,,,,,,,,,,,,,,,,,,,,,,,,,,,,,,,,,,,,,,,,,,,,,,,,,,,,,,,,,,,,,,,,,,,,,,,,,,,,,,,,,,,,,,,,,,,,,,
570467,22989,SET 2 PANTRY DESIGN TEA TOWELS,1,10/10/2011 16:06:00,3.25,12607,USA,,,,,,,,,,,,,,,,,,,,,,,,,,,,,,,,,,,,,,,,,,,,,,,,,,,,,,,,,,,,,,,,,,,,,,,,,,,,,,,,,,,,,,,,,,,,,,,,,,,,,,,,,,,,,,,,,,,,,,,,
570467,23254,CHILDRENS CUTLERY DOLLY GIRL ,1,10/10/2011 16:06:00,4.15,12607,USA,,,,,,,,,,,,,,,,,,,,,,,,,,,,,,,,,,,,,,,,,,,,,,,,,,,,,,,,,,,,,,,,,,,,,,,,,,,,,,,,,,,,,,,,,,,,,,,,,,,,,,,,,,,,,,,,,,,,,,,,
570467,20750,RED RETROSPOT MINI CASES,1,10/10/2011 16:06:00,7.95,12607,USA,,,,,,,,,,,,,,,,,,,,,,,,,,,,,,,,,,,,,,,,,,,,,,,,,,,,,,,,,,,,,,,,,,,,,,,,,,,,,,,,,,,,,,,,,,,,,,,,,,,,,,,,,,,,,,,,,,,,,,,,
570467,22449,SILK PURSE BABUSHKA PINK,1,10/10/2011 16:06:00,3.35,12607,USA,,,,,,,,,,,,,,,,,,,,,,,,,,,,,,,,,,,,,,,,,,,,,,,,,,,,,,,,,,,,,,,,,,,,,,,,,,,,,,,,,,,,,,,,,,,,,,,,,,,,,,,,,,,,,,,,,,,,,,,,
570467,21577,SAVE THE PLANET COTTON TOTE BAG,1,10/10/2011 16:06:00,2.25,12607,USA,,,,,,,,,,,,,,,,,,,,,,,,,,,,,,,,,,,,,,,,,,,,,,,,,,,,,,,,,,,,,,,,,,,,,,,,,,,,,,,,,,,,,,,,,,,,,,,,,,,,,,,,,,,,,,,,,,,,,,,,
570467,37495,FAIRY CAKE BIRTHDAY CANDLE SET,1,10/10/2011 16:06:00,3.75,12607,USA,,,,,,,,,,,,,,,,,,,,,,,,,,,,,,,,,,,,,,,,,,,,,,,,,,,,,,,,,,,,,,,,,,,,,,,,,,,,,,,,,,,,,,,,,,,,,,,,,,,,,,,,,,,,,,,,,,,,,,,,
570467,21121,SET/10 RED POLKADOT PARTY CANDLES,1,10/10/2011 16:06:00,1.25,12607,USA,,,,,,,,,,,,,,,,,,,,,,,,,,,,,,,,,,,,,,,,,,,,,,,,,,,,,,,,,,,,,,,,,,,,,,,,,,,,,,,,,,,,,,,,,,,,,,,,,,,,,,,,,,,,,,,,,,,,,,,,
570467,21124,SET/10 BLUE POLKADOT PARTY CANDLES,1,10/10/2011 16:06:00,1.25,12607,USA,,,,,,,,,,,,,,,,,,,,,,,,,,,,,,,,,,,,,,,,,,,,,,,,,,,,,,,,,,,,,,,,,,,,,,,,,,,,,,,,,,,,,,,,,,,,,,,,,,,,,,,,,,,,,,,,,,,,,,,,
C570867,23290,SPACEBOY CHILDRENS BOWL,1,12/10/2011 16:17:00,1.25,12607,USA,,,,,,,,,,,,,,,,,,,,,,,,,,,,,,,,,,,,,,,,,,,,,,,,,,,,,,,,,,,,,,,,,,,,,,,,,,,,,,,,,,,,,,,,,,,,,,,,,,,,,,,,,,,,,,,,,,,,,,,,
C570867,23289,DOLLY GIRL CHILDRENS BOWL,1,12/10/2011 16:17:00,1.25,12607,USA,,,,,,,,,,,,,,,,,,,,,,,,,,,,,,,,,,,,,,,,,,,,,,,,,,,,,,,,,,,,,,,,,,,,,,,,,,,,,,,,,,,,,,,,,,,,,,,,,,,,,,,,,,,,,,,,,,,,,,,,
C570867,23256,CHILDRENS CUTLERY SPACEBOY ,1,12/10/2011 16:17:00,4.15,12607,USA,,,,,,,,,,,,,,,,,,,,,,,,,,,,,,,,,,,,,,,,,,,,,,,,,,,,,,,,,,,,,,,,,,,,,,,,,,,,,,,,,,,,,,,,,,,,,,,,,,,,,,,,,,,,,,,,,,,,,,,,
C570867,23255,CHILDRENS CUTLERY CIRCUS PARADE,1,12/10/2011 16:17:00,4.15,12607,USA,,,,,,,,,,,,,,,,,,,,,,,,,,,,,,,,,,,,,,,,,,,,,,,,,,,,,,,,,,,,,,,,,,,,,,,,,,,,,,,,,,,,,,,,,,,,,,,,,,,,,,,,,,,,,,,,,,,,,,,,
C570867,23254,CHILDRENS CUTLERY DOLLY GIRL ,1,12/10/2011 16:17:00,4.15,12607,USA,,,,,,,,,,,,,,,,,,,,,,,,,,,,,,,,,,,,,,,,,,,,,,,,,,,,,,,,,,,,,,,,,,,,,,,,,,,,,,,,,,,,,,,,,,,,,,,,,,,,,,,,,,,,,,,,,,,,,,,,
C570867,23229,VINTAGE DONKEY TAIL GAME ,1,12/10/2011 16:17:00,3.75,12607,USA,,,,,,,,,,,,,,,,,,,,,,,,,,,,,,,,,,,,,,,,,,,,,,,,,,,,,,,,,,,,,,,,,,,,,,,,,,,,,,,,,,,,,,,,,,,,,,,,,,,,,,,,,,,,,,,,,,,,,,,,
C570867,23167,SMALL CERAMIC TOP STORAGE JAR ,1,12/10/2011 16:17:00,0.83,12607,USA,,,,,,,,,,,,,,,,,,,,,,,,,,,,,,,,,,,,,,,,,,,,,,,,,,,,,,,,,,,,,,,,,,,,,,,,,,,,,,,,,,,,,,,,,,,,,,,,,,,,,,,,,,,,,,,,,,,,,,,,
C570867,23166,MEDIUM CERAMIC TOP STORAGE JAR,1,12/10/2011 16:17:00,1.25,12607,USA,,,,,,,,,,,,,,,,,,,,,,,,,,,,,,,,,,,,,,,,,,,,,,,,,,,,,,,,,,,,,,,,,,,,,,,,,,,,,,,,,,,,,,,,,,,,,,,,,,,,,,,,,,,,,,,,,,,,,,,,
C570867,23165,LARGE CERAMIC TOP STORAGE JAR,1,12/10/2011 16:17:00,1.65,12607,USA,,,,,,,,,,,,,,,,,,,,,,,,,,,,,,,,,,,,,,,,,,,,,,,,,,,,,,,,,,,,,,,,,,,,,,,,,,,,,,,,,,,,,,,,,,,,,,,,,,,,,,,,,,,,,,,,,,,,,,,,
C570867,23159,SET OF 5 PANCAKE DAY MAGNETS,1,12/10/2011 16:17:00,2.08,12607,USA,,,,,,,,,,,,,,,,,,,,,,,,,,,,,,,,,,,,,,,,,,,,,,,,,,,,,,,,,,,,,,,,,,,,,,,,,,,,,,,,,,,,,,,,,,,,,,,,,,,,,,,,,,,,,,,,,,,,,,,,
C570867,23156,SET OF 5 MINI GROCERY MAGNETS,1,12/10/2011 16:17:00,2.08,12607,USA,,,,,,,,,,,,,,,,,,,,,,,,,,,,,,,,,,,,,,,,,,,,,,,,,,,,,,,,,,,,,,,,,,,,,,,,,,,,,,,,,,,,,,,,,,,,,,,,,,,,,,,,,,,,,,,,,,,,,,,,
C570867,23078,ICE CREAM PEN LIP GLOSS ,1,12/10/2011 16:17:00,1.25,12607,USA,,,,,,,,,,,,,,,,,,,,,,,,,,,,,,,,,,,,,,,,,,,,,,,,,,,,,,,,,,,,,,,,,,,,,,,,,,,,,,,,,,,,,,,,,,,,,,,,,,,,,,,,,,,,,,,,,,,,,,,,
C570867,23077,DOUGHNUT LIP GLOSS ,1,12/10/2011 16:17:00,1.25,12607,USA,,,,,,,,,,,,,,,,,,,,,,,,,,,,,,,,,,,,,,,,,,,,,,,,,,,,,,,,,,,,,,,,,,,,,,,,,,,,,,,,,,,,,,,,,,,,,,,,,,,,,,,,,,,,,,,,,,,,,,,,
C570867,23014,GLASS APOTHECARY BOTTLE ELIXIR,1,12/10/2011 16:17:00,3.95,12607,USA,,,,,,,,,,,,,,,,,,,,,,,,,,,,,,,,,,,,,,,,,,,,,,,,,,,,,,,,,,,,,,,,,,,,,,,,,,,,,,,,,,,,,,,,,,,,,,,,,,,,,,,,,,,,,,,,,,,,,,,,
C570867,22989,SET 2 PANTRY DESIGN TEA TOWELS,1,12/10/2011 16:17:00,3.25,12607,USA,,,,,,,,,,,,,,,,,,,,,,,,,,,,,,,,,,,,,,,,,,,,,,,,,,,,,,,,,,,,,,,,,,,,,,,,,,,,,,,,,,,,,,,,,,,,,,,,,,,,,,,,,,,,,,,,,,,,,,,,
C570867,22983,CARD BILLBOARD FONT,1,12/10/2011 16:17:00,0.42,12607,USA,,,,,,,,,,,,,,,,,,,,,,,,,,,,,,,,,,,,,,,,,,,,,,,,,,,,,,,,,,,,,,,,,,,,,,,,,,,,,,,,,,,,,,,,,,,,,,,,,,,,,,,,,,,,,,,,,,,,,,,,
C570867,22974,CHILDRENS DOLLY GIRL MUG,1,12/10/2011 16:17:00,1.65,12607,USA,,,,,,,,,,,,,,,,,,,,,,,,,,,,,,,,,,,,,,,,,,,,,,,,,,,,,,,,,,,,,,,,,,,,,,,,,,,,,,,,,,,,,,,,,,,,,,,,,,,,,,,,,,,,,,,,,,,,,,,,
C570867,22972,CHILDREN'S SPACEBOY MUG,1,12/10/2011 16:17:00,1.65,12607,USA,,,,,,,,,,,,,,,,,,,,,,,,,,,,,,,,,,,,,,,,,,,,,,,,,,,,,,,,,,,,,,,,,,,,,,,,,,,,,,,,,,,,,,,,,,,,,,,,,,,,,,,,,,,,,,,,,,,,,,,,
C570867,22959,WRAP CHRISTMAS VILLAGE,1,12/10/2011 16:17:00,0.42,12607,USA,,,,,,,,,,,,,,,,,,,,,,,,,,,,,,,,,,,,,,,,,,,,,,,,,,,,,,,,,,,,,,,,,,,,,,,,,,,,,,,,,,,,,,,,,,,,,,,,,,,,,,,,,,,,,,,,,,,,,,,,
C570867,22951,60 CAKE CASES DOLLY GIRL DESIGN,1,12/10/2011 16:17:00,0.55,12607,USA,,,,,,,,,,,,,,,,,,,,,,,,,,,,,,,,,,,,,,,,,,,,,,,,,,,,,,,,,,,,,,,,,,,,,,,,,,,,,,,,,,,,,,,,,,,,,,,,,,,,,,,,,,,,,,,,,,,,,,,,
C570867,22949,36 DOILIES DOLLY GIRL,1,12/10/2011 16:17:00,1.45,12607,USA,,,,,,,,,,,,,,,,,,,,,,,,,,,,,,,,,,,,,,,,,,,,,,,,,,,,,,,,,,,,,,,,,,,,,,,,,,,,,,,,,,,,,,,,,,,,,,,,,,,,,,,,,,,,,,,,,,,,,,,,
C570867,22938,CUPCAKE LACE PAPER SET 6,1,12/10/2011 16:17:00,1.95,12607,USA,,,,,,,,,,,,,,,,,,,,,,,,,,,,,,,,,,,,,,,,,,,,,,,,,,,,,,,,,,,,,,,,,,,,,,,,,,,,,,,,,,,,,,,,,,,,,,,,,,,,,,,,,,,,,,,,,,,,,,,,
C570867,22922,FRIDGE MAGNETS US DINER ASSORTED,1,12/10/2011 16:17:00,0.85,12607,USA,,,,,,,,,,,,,,,,,,,,,,,,,,,,,,,,,,,,,,,,,,,,,,,,,,,,,,,,,,,,,,,,,,,,,,,,,,,,,,,,,,,,,,,,,,,,,,,,,,,,,,,,,,,,,,,,,,,,,,,,
C570867,22848,BREAD BIN DINER STYLE PINK,1,12/10/2011 16:17:00,16.95,12607,USA,,,,,,,,,,,,,,,,,,,,,,,,,,,,,,,,,,,,,,,,,,,,,,,,,,,,,,,,,,,,,,,,,,,,,,,,,,,,,,,,,,,,,,,,,,,,,,,,,,,,,,,,,,,,,,,,,,,,,,,,
C570867,22818,CARD CHRISTMAS VILLAGE,1,12/10/2011 16:17:00,0.42,12607,USA,,,,,,,,,,,,,,,,,,,,,,,,,,,,,,,,,,,,,,,,,,,,,,,,,,,,,,,,,,,,,,,,,,,,,,,,,,,,,,,,,,,,,,,,,,,,,,,,,,,,,,,,,,,,,,,,,,,,,,,,
C570867,22739,RIBBON REEL CHRISTMAS SOCK BAUBLE,1,12/10/2011 16:17:00,1.65,12607,USA,,,,,,,,,,,,,,,,,,,,,,,,,,,,,,,,,,,,,,,,,,,,,,,,,,,,,,,,,,,,,,,,,,,,,,,,,,,,,,,,,,,,,,,,,,,,,,,,,,,,,,,,,,,,,,,,,,,,,,,,
C570867,22738,RIBBON REEL SNOWY VILLAGE,1,12/10/2011 16:17:00,1.65,12607,USA,,,,,,,,,,,,,,,,,,,,,,,,,,,,,,,,,,,,,,,,,,,,,,,,,,,,,,,,,,,,,,,,,,,,,,,,,,,,,,,,,,,,,,,,,,,,,,,,,,,,,,,,,,,,,,,,,,,,,,,,
C570867,22737,RIBBON REEL CHRISTMAS PRESENT ,1,12/10/2011 16:17:00,1.65,12607,USA,,,,,,,,,,,,,,,,,,,,,,,,,,,,,,,,,,,,,,,,,,,,,,,,,,,,,,,,,,,,,,,,,,,,,,,,,,,,,,,,,,,,,,,,,,,,,,,,,,,,,,,,,,,,,,,,,,,,,,,,
C570867,22736,RIBBON REEL MAKING SNOWMEN ,1,12/10/2011 16:17:00,1.65,12607,USA,,,,,,,,,,,,,,,,,,,,,,,,,,,,,,,,,,,,,,,,,,,,,,,,,,,,,,,,,,,,,,,,,,,,,,,,,,,,,,,,,,,,,,,,,,,,,,,,,,,,,,,,,,,,,,,,,,,,,,,,
C570867,22734,SET OF 6 RIBBONS VINTAGE CHRISTMAS,1,12/10/2011 16:17:00,2.89,12607,USA,,,,,,,,,,,,,,,,,,,,,,,,,,,,,,,,,,,,,,,,,,,,,,,,,,,,,,,,,,,,,,,,,,,,,,,,,,,,,,,,,,,,,,,,,,,,,,,,,,,,,,,,,,,,,,,,,,,,,,,,
C570867,22720,SET OF 3 CAKE TINS PANTRY DESIGN ,1,12/10/2011 16:17:00,4.95,12607,USA,,,,,,,,,,,,,,,,,,,,,,,,,,,,,,,,,,,,,,,,,,,,,,,,,,,,,,,,,,,,,,,,,,,,,,,,,,,,,,,,,,,,,,,,,,,,,,,,,,,,,,,,,,,,,,,,,,,,,,,,
C570867,22712,CARD DOLLY GIRL ,1,12/10/2011 16:17:00,0.42,12607,USA,,,,,,,,,,,,,,,,,,,,,,,,,,,,,,,,,,,,,,,,,,,,,,,,,,,,,,,,,,,,,,,,,,,,,,,,,,,,,,,,,,,,,,,,,,,,,,,,,,,,,,,,,,,,,,,,,,,,,,,,
C570867,22708,WRAP DOLLY GIRL,1,12/10/2011 16:17:00,0.42,12607,USA,,,,,,,,,,,,,,,,,,,,,,,,,,,,,,,,,,,,,,,,,,,,,,,,,,,,,,,,,,,,,,,,,,,,,,,,,,,,,,,,,,,,,,,,,,,,,,,,,,,,,,,,,,,,,,,,,,,,,,,,
C570867,22706,WRAP COWBOYS  ,1,12/10/2011 16:17:00,0.42,12607,USA,,,,,,,,,,,,,,,,,,,,,,,,,,,,,,,,,,,,,,,,,,,,,,,,,,,,,,,,,,,,,,,,,,,,,,,,,,,,,,,,,,,,,,,,,,,,,,,,,,,,,,,,,,,,,,,,,,,,,,,,
C570867,22668,PINK BABY BUNTING,1,12/10/2011 16:17:00,2.95,12607,USA,,,,,,,,,,,,,,,,,,,,,,,,,,,,,,,,,,,,,,,,,,,,,,,,,,,,,,,,,,,,,,,,,,,,,,,,,,,,,,,,,,,,,,,,,,,,,,,,,,,,,,,,,,,,,,,,,,,,,,,,
C570867,22649,STRAWBERRY FAIRY CAKE TEAPOT,1,12/10/2011 16:17:00,4.95,12607,USA,,,,,,,,,,,,,,,,,,,,,,,,,,,,,,,,,,,,,,,,,,,,,,,,,,,,,,,,,,,,,,,,,,,,,,,,,,,,,,,,,,,,,,,,,,,,,,,,,,,,,,,,,,,,,,,,,,,,,,,,
C570867,22619,SET OF 6 SOLDIER SKITTLES,1,12/10/2011 16:17:00,3.75,12607,USA,,,,,,,,,,,,,,,,,,,,,,,,,,,,,,,,,,,,,,,,,,,,,,,,,,,,,,,,,,,,,,,,,,,,,,,,,,,,,,,,,,,,,,,,,,,,,,,,,,,,,,,,,,,,,,,,,,,,,,,,
C570867,22551,PLASTERS IN TIN SPACEBOY,1,12/10/2011 16:17:00,1.65,12607,USA,,,,,,,,,,,,,,,,,,,,,,,,,,,,,,,,,,,,,,,,,,,,,,,,,,,,,,,,,,,,,,,,,,,,,,,,,,,,,,,,,,,,,,,,,,,,,,,,,,,,,,,,,,,,,,,,,,,,,,,,
C570867,22492,MINI PAINT SET VINTAGE ,1,12/10/2011 16:17:00,0.65,12607,USA,,,,,,,,,,,,,,,,,,,,,,,,,,,,,,,,,,,,,,,,,,,,,,,,,,,,,,,,,,,,,,,,,,,,,,,,,,,,,,,,,,,,,,,,,,,,,,,,,,,,,,,,,,,,,,,,,,,,,,,,
C570867,22449,SILK PURSE BABUSHKA PINK,1,12/10/2011 16:17:00,3.35,12607,USA,,,,,,,,,,,,,,,,,,,,,,,,,,,,,,,,,,,,,,,,,,,,,,,,,,,,,,,,,,,,,,,,,,,,,,,,,,,,,,,,,,,,,,,,,,,,,,,,,,,,,,,,,,,,,,,,,,,,,,,,
C570867,22417,PACK OF 60 SPACEBOY CAKE CASES,1,12/10/2011 16:17:00,0.55,12607,USA,,,,,,,,,,,,,,,,,,,,,,,,,,,,,,,,,,,,,,,,,,,,,,,,,,,,,,,,,,,,,,,,,,,,,,,,,,,,,,,,,,,,,,,,,,,,,,,,,,,,,,,,,,,,,,,,,,,,,,,,
C570867,22399,MAGNETS PACK OF 4 CHILDHOOD MEMORY,1,12/10/2011 16:17:00,1.25,12607,USA,,,,,,,,,,,,,,,,,,,,,,,,,,,,,,,,,,,,,,,,,,,,,,,,,,,,,,,,,,,,,,,,,,,,,,,,,,,,,,,,,,,,,,,,,,,,,,,,,,,,,,,,,,,,,,,,,,,,,,,,
C570867,22360,GLASS JAR ENGLISH CONFECTIONERY,1,12/10/2011 16:17:00,2.95,12607,USA,,,,,,,,,,,,,,,,,,,,,,,,,,,,,,,,,,,,,,,,,,,,,,,,,,,,,,,,,,,,,,,,,,,,,,,,,,,,,,,,,,,,,,,,,,,,,,,,,,,,,,,,,,,,,,,,,,,,,,,,
C570867,22326,ROUND SNACK BOXES SET OF4 WOODLAND ,1,12/10/2011 16:17:00,2.95,12607,USA,,,,,,,,,,,,,,,,,,,,,,,,,,,,,,,,,,,,,,,,,,,,,,,,,,,,,,,,,,,,,,,,,,,,,,,,,,,,,,,,,,,,,,,,,,,,,,,,,,,,,,,,,,,,,,,,,,,,,,,,
C570867,22204,MILK PAN BLUE POLKADOT,1,12/10/2011 16:17:00,3.75,12607,USA,,,,,,,,,,,,,,,,,,,,,,,,,,,,,,,,,,,,,,,,,,,,,,,,,,,,,,,,,,,,,,,,,,,,,,,,,,,,,,,,,,,,,,,,,,,,,,,,,,,,,,,,,,,,,,,,,,,,,,,,
C570867,22199,FRYING PAN RED RETROSPOT,1,12/10/2011 16:17:00,4.25,12607,USA,,,,,,,,,,,,,,,,,,,,,,,,,,,,,,,,,,,,,,,,,,,,,,,,,,,,,,,,,,,,,,,,,,,,,,,,,,,,,,,,,,,,,,,,,,,,,,,,,,,,,,,,,,,,,,,,,,,,,,,,
C570867,22139,RETROSPOT TEA SET CERAMIC 11 PC ,1,12/10/2011 16:17:00,4.95,12607,USA,,,,,,,,,,,,,,,,,,,,,,,,,,,,,,,,,,,,,,,,,,,,,,,,,,,,,,,,,,,,,,,,,,,,,,,,,,,,,,,,,,,,,,,,,,,,,,,,,,,,,,,,,,,,,,,,,,,,,,,,
C570867,22138,BAKING SET 9 PIECE RETROSPOT ,1,12/10/2011 16:17:00,4.95,12607,USA,,,,,,,,,,,,,,,,,,,,,,,,,,,,,,,,,,,,,,,,,,,,,,,,,,,,,,,,,,,,,,,,,,,,,,,,,,,,,,,,,,,,,,,,,,,,,,,,,,,,,,,,,,,,,,,,,,,,,,,,
C570867,22090,PAPER BUNTING RETROSPOT,1,12/10/2011 16:17:00,2.95,12607,USA,,,,,,,,,,,,,,,,,,,,,,,,,,,,,,,,,,,,,,,,,,,,,,,,,,,,,,,,,,,,,,,,,,,,,,,,,,,,,,,,,,,,,,,,,,,,,,,,,,,,,,,,,,,,,,,,,,,,,,,,
C570867,22050,PINK PAISLEY ROSE GIFT WRAP,1,12/10/2011 16:17:00,0.42,12607,USA,,,,,,,,,,,,,,,,,,,,,,,,,,,,,,,,,,,,,,,,,,,,,,,,,,,,,,,,,,,,,,,,,,,,,,,,,,,,,,,,,,,,,,,,,,,,,,,,,,,,,,,,,,,,,,,,,,,,,,,,
C570867,22048,BIRTHDAY BANQUET GIFT WRAP,1,12/10/2011 16:17:00,0.42,12607,USA,,,,,,,,,,,,,,,,,,,,,,,,,,,,,,,,,,,,,,,,,,,,,,,,,,,,,,,,,,,,,,,,,,,,,,,,,,,,,,,,,,,,,,,,,,,,,,,,,,,,,,,,,,,,,,,,,,,,,,,,
C570867,22046,TEA PARTY  WRAPPING PAPER ,1,12/10/2011 16:17:00,0.42,12607,USA,,,,,,,,,,,,,,,,,,,,,,,,,,,,,,,,,,,,,,,,,,,,,,,,,,,,,,,,,,,,,,,,,,,,,,,,,,,,,,,,,,,,,,,,,,,,,,,,,,,,,,,,,,,,,,,,,,,,,,,,
C570867,22029,SPACEBOY BIRTHDAY CARD,1,12/10/2011 16:17:00,0.42,12607,USA,,,,,,,,,,,,,,,,,,,,,,,,,,,,,,,,,,,,,,,,,,,,,,,,,,,,,,,,,,,,,,,,,,,,,,,,,,,,,,,,,,,,,,,,,,,,,,,,,,,,,,,,,,,,,,,,,,,,,,,,
C570867,22027,TEA PARTY BIRTHDAY CARD,1,12/10/2011 16:17:00,0.42,12607,USA,,,,,,,,,,,,,,,,,,,,,,,,,,,,,,,,,,,,,,,,,,,,,,,,,,,,,,,,,,,,,,,,,,,,,,,,,,,,,,,,,,,,,,,,,,,,,,,,,,,,,,,,,,,,,,,,,,,,,,,,
C570867,21976,PACK OF 60 MUSHROOM CAKE CASES,1,12/10/2011 16:17:00,0.55,12607,USA,,,,,,,,,,,,,,,,,,,,,,,,,,,,,,,,,,,,,,,,,,,,,,,,,,,,,,,,,,,,,,,,,,,,,,,,,,,,,,,,,,,,,,,,,,,,,,,,,,,,,,,,,,,,,,,,,,,,,,,,
C570867,21974,SET OF 36 PAISLEY FLOWER DOILIES,1,12/10/2011 16:17:00,1.45,12607,USA,,,,,,,,,,,,,,,,,,,,,,,,,,,,,,,,,,,,,,,,,,,,,,,,,,,,,,,,,,,,,,,,,,,,,,,,,,,,,,,,,,,,,,,,,,,,,,,,,,,,,,,,,,,,,,,,,,,,,,,,
C570867,21915,RED  HARMONICA IN BOX ,1,12/10/2011 16:17:00,1.25,12607,USA,,,,,,,,,,,,,,,,,,,,,,,,,,,,,,,,,,,,,,,,,,,,,,,,,,,,,,,,,,,,,,,,,,,,,,,,,,,,,,,,,,,,,,,,,,,,,,,,,,,,,,,,,,,,,,,,,,,,,,,,
C570867,21891,TRADITIONAL WOODEN SKIPPING ROPE,1,12/10/2011 16:17:00,1.45,12607,USA,,,,,,,,,,,,,,,,,,,,,,,,,,,,,,,,,,,,,,,,,,,,,,,,,,,,,,,,,,,,,,,,,,,,,,,,,,,,,,,,,,,,,,,,,,,,,,,,,,,,,,,,,,,,,,,,,,,,,,,,
C570867,21671,RED SPOT CERAMIC DRAWER KNOB,1,12/10/2011 16:17:00,1.45,12607,USA,,,,,,,,,,,,,,,,,,,,,,,,,,,,,,,,,,,,,,,,,,,,,,,,,,,,,,,,,,,,,,,,,,,,,,,,,,,,,,,,,,,,,,,,,,,,,,,,,,,,,,,,,,,,,,,,,,,,,,,,
C570867,21669,BLUE STRIPE CERAMIC DRAWER KNOB,1,12/10/2011 16:17:00,1.45,12607,USA,,,,,,,,,,,,,,,,,,,,,,,,,,,,,,,,,,,,,,,,,,,,,,,,,,,,,,,,,,,,,,,,,,,,,,,,,,,,,,,,,,,,,,,,,,,,,,,,,,,,,,,,,,,,,,,,,,,,,,,,
C570867,21668,RED STRIPE CERAMIC DRAWER KNOB,1,12/10/2011 16:17:00,1.45,12607,USA,,,,,,,,,,,,,,,,,,,,,,,,,,,,,,,,,,,,,,,,,,,,,,,,,,,,,,,,,,,,,,,,,,,,,,,,,,,,,,,,,,,,,,,,,,,,,,,,,,,,,,,,,,,,,,,,,,,,,,,,
C570867,21577,SAVE THE PLANET COTTON TOTE BAG,1,12/10/2011 16:17:00,2.25,12607,USA,,,,,,,,,,,,,,,,,,,,,,,,,,,,,,,,,,,,,,,,,,,,,,,,,,,,,,,,,,,,,,,,,,,,,,,,,,,,,,,,,,,,,,,,,,,,,,,,,,,,,,,,,,,,,,,,,,,,,,,,
C570867,21524,DOORMAT SPOTTY HOME SWEET HOME,1,12/10/2011 16:17:00,8.25,12607,USA,,,,,,,,,,,,,,,,,,,,,,,,,,,,,,,,,,,,,,,,,,,,,,,,,,,,,,,,,,,,,,,,,,,,,,,,,,,,,,,,,,,,,,,,,,,,,,,,,,,,,,,,,,,,,,,,,,,,,,,,
C570867,21499,BLUE POLKADOT WRAP,1,12/10/2011 16:17:00,0.42,12607,USA,,,,,,,,,,,,,,,,,,,,,,,,,,,,,,,,,,,,,,,,,,,,,,,,,,,,,,,,,,,,,,,,,,,,,,,,,,,,,,,,,,,,,,,,,,,,,,,,,,,,,,,,,,,,,,,,,,,,,,,,
C570867,21498,RED RETROSPOT WRAP ,1,12/10/2011 16:17:00,0.42,12607,USA,,,,,,,,,,,,,,,,,,,,,,,,,,,,,,,,,,,,,,,,,,,,,,,,,,,,,,,,,,,,,,,,,,,,,,,,,,,,,,,,,,,,,,,,,,,,,,,,,,,,,,,,,,,,,,,,,,,,,,,,
C570867,21232,STRAWBERRY CERAMIC TRINKET BOX,1,12/10/2011 16:17:00,1.25,12607,USA,,,,,,,,,,,,,,,,,,,,,,,,,,,,,,,,,,,,,,,,,,,,,,,,,,,,,,,,,,,,,,,,,,,,,,,,,,,,,,,,,,,,,,,,,,,,,,,,,,,,,,,,,,,,,,,,,,,,,,,,
C570867,21231,SWEETHEART CERAMIC TRINKET BOX,1,12/10/2011 16:17:00,1.25,12607,USA,,,,,,,,,,,,,,,,,,,,,,,,,,,,,,,,,,,,,,,,,,,,,,,,,,,,,,,,,,,,,,,,,,,,,,,,,,,,,,,,,,,,,,,,,,,,,,,,,,,,,,,,,,,,,,,,,,,,,,,,
C570867,21212,PACK OF 72 RETROSPOT CAKE CASES,1,12/10/2011 16:17:00,0.55,12607,USA,,,,,,,,,,,,,,,,,,,,,,,,,,,,,,,,,,,,,,,,,,,,,,,,,,,,,,,,,,,,,,,,,,,,,,,,,,,,,,,,,,,,,,,,,,,,,,,,,,,,,,,,,,,,,,,,,,,,,,,,
C570867,21210,SET OF 72 RETROSPOT PAPER  DOILIES,1,12/10/2011 16:17:00,1.45,12607,USA,,,,,,,,,,,,,,,,,,,,,,,,,,,,,,,,,,,,,,,,,,,,,,,,,,,,,,,,,,,,,,,,,,,,,,,,,,,,,,,,,,,,,,,,,,,,,,,,,,,,,,,,,,,,,,,,,,,,,,,,
C570867,21124,SET/10 BLUE POLKADOT PARTY CANDLES,1,12/10/2011 16:17:00,1.25,12607,USA,,,,,,,,,,,,,,,,,,,,,,,,,,,,,,,,,,,,,,,,,,,,,,,,,,,,,,,,,,,,,,,,,,,,,,,,,,,,,,,,,,,,,,,,,,,,,,,,,,,,,,,,,,,,,,,,,,,,,,,,
C570867,21123,SET/10 IVORY POLKADOT PARTY CANDLES,1,12/10/2011 16:17:00,1.25,12607,USA,,,,,,,,,,,,,,,,,,,,,,,,,,,,,,,,,,,,,,,,,,,,,,,,,,,,,,,,,,,,,,,,,,,,,,,,,,,,,,,,,,,,,,,,,,,,,,,,,,,,,,,,,,,,,,,,,,,,,,,,
C570867,21122,SET/10 PINK POLKADOT PARTY CANDLES,1,12/10/2011 16:17:00,1.25,12607,USA,,,,,,,,,,,,,,,,,,,,,,,,,,,,,,,,,,,,,,,,,,,,,,,,,,,,,,,,,,,,,,,,,,,,,,,,,,,,,,,,,,,,,,,,,,,,,,,,,,,,,,,,,,,,,,,,,,,,,,,,
C570867,21121,SET/10 RED POLKADOT PARTY CANDLES,1,12/10/2011 16:17:00,1.25,12607,USA,,,,,,,,,,,,,,,,,,,,,,,,,,,,,,,,,,,,,,,,,,,,,,,,,,,,,,,,,,,,,,,,,,,,,,,,,,,,,,,,,,,,,,,,,,,,,,,,,,,,,,,,,,,,,,,,,,,,,,,,
C570867,21059,PARTY INVITES DINOSAURS,1,12/10/2011 16:17:00,0.85,12607,USA,,,,,,,,,,,,,,,,,,,,,,,,,,,,,,,,,,,,,,,,,,,,,,,,,,,,,,,,,,,,,,,,,,,,,,,,,,,,,,,,,,,,,,,,,,,,,,,,,,,,,,,,,,,,,,,,,,,,,,,,
C570867,20750,RED RETROSPOT MINI CASES,1,12/10/2011 16:17:00,7.95,12607,USA,,,,,,,,,,,,,,,,,,,,,,,,,,,,,,,,,,,,,,,,,,,,,,,,,,,,,,,,,,,,,,,,,,,,,,,,,,,,,,,,,,,,,,,,,,,,,,,,,,,,,,,,,,,,,,,,,,,,,,,,
C570867,16161P,WRAP ENGLISH ROSE ,1,12/10/2011 16:17:00,0.42,12607,USA,,,,,,,,,,,,,,,,,,,,,,,,,,,,,,,,,,,,,,,,,,,,,,,,,,,,,,,,,,,,,,,,,,,,,,,,,,,,,,,,,,,,,,,,,,,,,,,,,,,,,,,,,,,,,,,,,,,,,,,,
C570867,84991,60 TEATIME FAIRY CAKE CASES,1,12/10/2011 16:17:00,0.55,12607,USA,,,,,,,,,,,,,,,,,,,,,,,,,,,,,,,,,,,,,,,,,,,,,,,,,,,,,,,,,,,,,,,,,,,,,,,,,,,,,,,,,,,,,,,,,,,,,,,,,,,,,,,,,,,,,,,,,,,,,,,,
C570867,84987,SET OF 36 TEATIME PAPER DOILIES,1,12/10/2011 16:17:00,1.45,12607,USA,,,,,,,,,,,,,,,,,,,,,,,,,,,,,,,,,,,,,,,,,,,,,,,,,,,,,,,,,,,,,,,,,,,,,,,,,,,,,,,,,,,,,,,,,,,,,,,,,,,,,,,,,,,,,,,,,,,,,,,,
C570867,84509A,SET OF 4 ENGLISH ROSE PLACEMATS,1,12/10/2011 16:17:00,3.75,12607,USA,,,,,,,,,,,,,,,,,,,,,,,,,,,,,,,,,,,,,,,,,,,,,,,,,,,,,,,,,,,,,,,,,,,,,,,,,,,,,,,,,,,,,,,,,,,,,,,,,,,,,,,,,,,,,,,,,,,,,,,,
C570867,48185,DOORMAT FAIRY CAKE,1,12/10/2011 16:17:00,8.25,12607,USA,,,,,,,,,,,,,,,,,,,,,,,,,,,,,,,,,,,,,,,,,,,,,,,,,,,,,,,,,,,,,,,,,,,,,,,,,,,,,,,,,,,,,,,,,,,,,,,,,,,,,,,,,,,,,,,,,,,,,,,,
C570867,47590B,PINK HAPPY BIRTHDAY BUNTING,1,12/10/2011 16:17:00,5.45,12607,USA,,,,,,,,,,,,,,,,,,,,,,,,,,,,,,,,,,,,,,,,,,,,,,,,,,,,,,,,,,,,,,,,,,,,,,,,,,,,,,,,,,,,,,,,,,,,,,,,,,,,,,,,,,,,,,,,,,,,,,,,
C570867,47590A,BLUE HAPPY BIRTHDAY BUNTING,1,12/10/2011 16:17:00,5.45,12607,USA,,,,,,,,,,,,,,,,,,,,,,,,,,,,,,,,,,,,,,,,,,,,,,,,,,,,,,,,,,,,,,,,,,,,,,,,,,,,,,,,,,,,,,,,,,,,,,,,,,,,,,,,,,,,,,,,,,,,,,,,
C570867,47559B,TEA TIME OVEN GLOVE,1,12/10/2011 16:17:00,1.25,12607,USA,,,,,,,,,,,,,,,,,,,,,,,,,,,,,,,,,,,,,,,,,,,,,,,,,,,,,,,,,,,,,,,,,,,,,,,,,,,,,,,,,,,,,,,,,,,,,,,,,,,,,,,,,,,,,,,,,,,,,,,,
C570867,37495,FAIRY CAKE BIRTHDAY CANDLE SET,1,12/10/2011 16:17:00,3.75,12607,USA,,,,,,,,,,,,,,,,,,,,,,,,,,,,,,,,,,,,,,,,,,,,,,,,,,,,,,,,,,,,,,,,,,,,,,,,,,,,,,,,,,,,,,,,,,,,,,,,,,,,,,,,,,,,,,,,,,,,,,,,
C570867,37448,CERAMIC CAKE DESIGN SPOTTED MUG,1,12/10/2011 16:17:00,1.49,12607,USA,,,,,,,,,,,,,,,,,,,,,,,,,,,,,,,,,,,,,,,,,,,,,,,,,,,,,,,,,,,,,,,,,,,,,,,,,,,,,,,,,,,,,,,,,,,,,,,,,,,,,,,,,,,,,,,,,,,,,,,,
C570867,23518,EMBROIDERED RIBBON REEL RACHEL ,1,12/10/2011 16:17:00,2.89,12607,USA,,,,,,,,,,,,,,,,,,,,,,,,,,,,,,,,,,,,,,,,,,,,,,,,,,,,,,,,,,,,,,,,,,,,,,,,,,,,,,,,,,,,,,,,,,,,,,,,,,,,,,,,,,,,,,,,,,,,,,,,
C570867,23514,EMBROIDERED RIBBON REEL SALLY ,1,12/10/2011 16:17:00,2.08,12607,USA,,,,,,,,,,,,,,,,,,,,,,,,,,,,,,,,,,,,,,,,,,,,,,,,,,,,,,,,,,,,,,,,,,,,,,,,,,,,,,,,,,,,,,,,,,,,,,,,,,,,,,,,,,,,,,,,,,,,,,,,
C570867,23434,3 RAFFIA RIBBONS 50'S CHRISTMAS ,1,12/10/2011 16:17:00,0.79,12607,USA,,,,,,,,,,,,,,,,,,,,,,,,,,,,,,,,,,,,,,,,,,,,,,,,,,,,,,,,,,,,,,,,,,,,,,,,,,,,,,,,,,,,,,,,,,,,,,,,,,,,,,,,,,,,,,,,,,,,,,,,
C570867,23372,SET 36 COLOUR PENCILS DOLLY GIRL,1,12/10/2011 16:17:00,1.25,12607,USA,,,,,,,,,,,,,,,,,,,,,,,,,,,,,,,,,,,,,,,,,,,,,,,,,,,,,,,,,,,,,,,,,,,,,,,,,,,,,,,,,,,,,,,,,,,,,,,,,,,,,,,,,,,,,,,,,,,,,,,,
C570867,23367,SET 12 COLOUR PENCILS SPACEBOY ,1,12/10/2011 16:17:00,0.65,12607,USA,,,,,,,,,,,,,,,,,,,,,,,,,,,,,,,,,,,,,,,,,,,,,,,,,,,,,,,,,,,,,,,,,,,,,,,,,,,,,,,,,,,,,,,,,,,,,,,,,,,,,,,,,,,,,,,,,,,,,,,,
C570867,23354,6 GIFT TAGS 50'S CHRISTMAS ,1,12/10/2011 16:17:00,0.83,12607,USA,,,,,,,,,,,,,,,,,,,,,,,,,,,,,,,,,,,,,,,,,,,,,,,,,,,,,,,,,,,,,,,,,,,,,,,,,,,,,,,,,,,,,,,,,,,,,,,,,,,,,,,,,,,,,,,,,,,,,,,,
C570867,23353,6 GIFT TAGS VINTAGE CHRISTMAS ,1,12/10/2011 16:17:00,0.83,12607,USA,,,,,,,,,,,,,,,,,,,,,,,,,,,,,,,,,,,,,,,,,,,,,,,,,,,,,,,,,,,,,,,,,,,,,,,,,,,,,,,,,,,,,,,,,,,,,,,,,,,,,,,,,,,,,,,,,,,,,,,,
C570867,23351,ROLL WRAP 50'S CHRISTMAS,1,12/10/2011 16:17:00,1.25,12607,USA,,,,,,,,,,,,,,,,,,,,,,,,,,,,,,,,,,,,,,,,,,,,,,,,,,,,,,,,,,,,,,,,,,,,,,,,,,,,,,,,,,,,,,,,,,,,,,,,,,,,,,,,,,,,,,,,,,,,,,,,
C570867,23349,ROLL WRAP VINTAGE CHRISTMAS,1,12/10/2011 16:17:00,1.25,12607,USA,,,,,,,,,,,,,,,,,,,,,,,,,,,,,,,,,,,,,,,,,,,,,,,,,,,,,,,,,,,,,,,,,,,,,,,,,,,,,,,,,,,,,,,,,,,,,,,,,,,,,,,,,,,,,,,,,,,,,,,,
C570867,23311,VINTAGE CHRISTMAS STOCKING ,1,12/10/2011 16:17:00,2.55,12607,USA,,,,,,,,,,,,,,,,,,,,,,,,,,,,,,,,,,,,,,,,,,,,,,,,,,,,,,,,,,,,,,,,,,,,,,,,,,,,,,,,,,,,,,,,,,,,,,,,,,,,,,,,,,,,,,,,,,,,,,,,
C570867,23309,SET OF 60 I LOVE LONDON CAKE CASES ,1,12/10/2011 16:17:00,0.55,12607,USA,,,,,,,,,,,,,,,,,,,,,,,,,,,,,,,,,,,,,,,,,,,,,,,,,,,,,,,,,,,,,,,,,,,,,,,,,,,,,,,,,,,,,,,,,,,,,,,,,,,,,,,,,,,,,,,,,,,,,,,,
C570867,23293,SET OF 12 FAIRY CAKE BAKING CASES,1,12/10/2011 16:17:00,0.83,12607,USA,,,,,,,,,,,,,,,,,,,,,,,,,,,,,,,,,,,,,,,,,,,,,,,,,,,,,,,,,,,,,,,,,,,,,,,,,,,,,,,,,,,,,,,,,,,,,,,,,,,,,,,,,,,,,,,,,,,,,,,,
C570867,23292,SPACEBOY CHILDRENS CUP,1,12/10/2011 16:17:00,1.25,12607,USA,,,,,,,,,,,,,,,,,,,,,,,,,,,,,,,,,,,,,,,,,,,,,,,,,,,,,,,,,,,,,,,,,,,,,,,,,,,,,,,,,,,,,,,,,,,,,,,,,,,,,,,,,,,,,,,,,,,,,,,,
C570867,23291,DOLLY GIRL CHILDRENS CUP,1,12/10/2011 16:17:00,1.25,12607,USA,,,,,,,,,,,,,,,,,,,,,,,,,,,,,,,,,,,,,,,,,,,,,,,,,,,,,,,,,,,,,,,,,,,,,,,,,,,,,,,,,,,,,,,,,,,,,,,,,,,,,,,,,,,,,,,,,,,,,,,,
C570867,23513,EMBROIDERED RIBBON REEL SUSIE ,1,12/10/2011 16:17:00,2.08,12607,USA,,,,,,,,,,,,,,,,,,,,,,,,,,,,,,,,,,,,,,,,,,,,,,,,,,,,,,,,,,,,,,,,,,,,,,,,,,,,,,,,,,,,,,,,,,,,,,,,,,,,,,,,,,,,,,,,,,,,,,,,
C570867,21058,PARTY INVITES WOODLAND,1,12/10/2011 16:17:00,0.85,12607,USA,,,,,,,,,,,,,,,,,,,,,,,,,,,,,,,,,,,,,,,,,,,,,,,,,,,,,,,,,,,,,,,,,,,,,,,,,,,,,,,,,,,,,,,,,,,,,,,,,,,,,,,,,,,,,,,,,,,,,,,,
572215,23173,REGENCY TEAPOT ROSES ,1,21/10/2011 12:52:00,9.95,12646,USA,,,,,,,,,,,,,,,,,,,,,,,,,,,,,,,,,,,,,,,,,,,,,,,,,,,,,,,,,,,,,,,,,,,,,,,,,,,,,,,,,,,,,,,,,,,,,,,,,,,,,,,,,,,,,,,,,,,,,,,,
572215,22423,REGENCY CAKESTAND 3 TIER,1,21/10/2011 12:52:00,12.75,12646,USA,,,,,,,,,,,,,,,,,,,,,,,,,,,,,,,,,,,,,,,,,,,,,,,,,,,,,,,,,,,,,,,,,,,,,,,,,,,,,,,,,,,,,,,,,,,,,,,,,,,,,,,,,,,,,,,,,,,,,,,,
572215,22962,JAM JAR WITH PINK LID,1,21/10/2011 12:52:00,0.85,12646,USA,,,,,,,,,,,,,,,,,,,,,,,,,,,,,,,,,,,,,,,,,,,,,,,,,,,,,,,,,,,,,,,,,,,,,,,,,,,,,,,,,,,,,,,,,,,,,,,,,,,,,,,,,,,,,,,,,,,,,,,,
572215,22963,JAM JAR WITH GREEN LID,1,21/10/2011 12:52:00,0.85,12646,USA,,,,,,,,,,,,,,,,,,,,,,,,,,,,,,,,,,,,,,,,,,,,,,,,,,,,,,,,,,,,,,,,,,,,,,,,,,,,,,,,,,,,,,,,,,,,,,,,,,,,,,,,,,,,,,,,,,,,,,,,
572215,23328,SET 6 SCHOOL MILK BOTTLES IN CRATE,1,21/10/2011 12:52:00,3.39,12646,USA,,,,,,,,,,,,,,,,,,,,,,,,,,,,,,,,,,,,,,,,,,,,,,,,,,,,,,,,,,,,,,,,,,,,,,,,,,,,,,,,,,,,,,,,,,,,,,,,,,,,,,,,,,,,,,,,,,,,,,,,
572215,22907,PACK OF 20 NAPKINS PANTRY DESIGN,1,21/10/2011 12:52:00,0.85,12646,USA,,,,,,,,,,,,,,,,,,,,,,,,,,,,,,,,,,,,,,,,,,,,,,,,,,,,,,,,,,,,,,,,,,,,,,,,,,,,,,,,,,,,,,,,,,,,,,,,,,,,,,,,,,,,,,,,,,,,,,,,
572215,21121,SET/10 RED POLKADOT PARTY CANDLES,1,21/10/2011 12:52:00,1.25,12646,USA,,,,,,,,,,,,,,,,,,,,,,,,,,,,,,,,,,,,,,,,,,,,,,,,,,,,,,,,,,,,,,,,,,,,,,,,,,,,,,,,,,,,,,,,,,,,,,,,,,,,,,,,,,,,,,,,,,,,,,,,
572215,21124,SET/10 BLUE POLKADOT PARTY CANDLES,1,21/10/2011 12:52:00,1.25,12646,USA,,,,,,,,,,,,,,,,,,,,,,,,,,,,,,,,,,,,,,,,,,,,,,,,,,,,,,,,,,,,,,,,,,,,,,,,,,,,,,,,,,,,,,,,,,,,,,,,,,,,,,,,,,,,,,,,,,,,,,,,
572215,21122,SET/10 PINK POLKADOT PARTY CANDLES,1,21/10/2011 12:52:00,1.25,12646,USA,,,,,,,,,,,,,,,,,,,,,,,,,,,,,,,,,,,,,,,,,,,,,,,,,,,,,,,,,,,,,,,,,,,,,,,,,,,,,,,,,,,,,,,,,,,,,,,,,,,,,,,,,,,,,,,,,,,,,,,,
572215,21123,SET/10 IVORY POLKADOT PARTY CANDLES,1,21/10/2011 12:52:00,1.25,12646,USA,,,,,,,,,,,,,,,,,,,,,,,,,,,,,,,,,,,,,,,,,,,,,,,,,,,,,,,,,,,,,,,,,,,,,,,,,,,,,,,,,,,,,,,,,,,,,,,,,,,,,,,,,,,,,,,,,,,,,,,,
572215,23295,SET OF 12 MINI LOAF BAKING CASES,1,21/10/2011 12:52:00,0.83,12646,USA,,,,,,,,,,,,,,,,,,,,,,,,,,,,,,,,,,,,,,,,,,,,,,,,,,,,,,,,,,,,,,,,,,,,,,,,,,,,,,,,,,,,,,,,,,,,,,,,,,,,,,,,,,,,,,,,,,,,,,,,
572215,23293,SET OF 12 FAIRY CAKE BAKING CASES,1,21/10/2011 12:52:00,0.83,12646,USA,,,,,,,,,,,,,,,,,,,,,,,,,,,,,,,,,,,,,,,,,,,,,,,,,,,,,,,,,,,,,,,,,,,,,,,,,,,,,,,,,,,,,,,,,,,,,,,,,,,,,,,,,,,,,,,,,,,,,,,,
572215,23296,SET OF 6 TEA TIME BAKING CASES,1,21/10/2011 12:52:00,1.25,12646,USA,,,,,,,,,,,,,,,,,,,,,,,,,,,,,,,,,,,,,,,,,,,,,,,,,,,,,,,,,,,,,,,,,,,,,,,,,,,,,,,,,,,,,,,,,,,,,,,,,,,,,,,,,,,,,,,,,,,,,,,,
572215,23515,EMBROIDERED RIBBON REEL DAISY ,1,21/10/2011 12:52:00,2.08,12646,USA,,,,,,,,,,,,,,,,,,,,,,,,,,,,,,,,,,,,,,,,,,,,,,,,,,,,,,,,,,,,,,,,,,,,,,,,,,,,,,,,,,,,,,,,,,,,,,,,,,,,,,,,,,,,,,,,,,,,,,,,
572215,23516,EMBROIDERED RIBBON REEL SOPHIE  ,1,21/10/2011 12:52:00,3.75,12646,USA,,,,,,,,,,,,,,,,,,,,,,,,,,,,,,,,,,,,,,,,,,,,,,,,,,,,,,,,,,,,,,,,,,,,,,,,,,,,,,,,,,,,,,,,,,,,,,,,,,,,,,,,,,,,,,,,,,,,,,,,
572215,23513,EMBROIDERED RIBBON REEL SUSIE ,1,21/10/2011 12:52:00,2.08,12646,USA,,,,,,,,,,,,,,,,,,,,,,,,,,,,,,,,,,,,,,,,,,,,,,,,,,,,,,,,,,,,,,,,,,,,,,,,,,,,,,,,,,,,,,,,,,,,,,,,,,,,,,,,,,,,,,,,,,,,,,,,
572215,23512,EMBROIDERED RIBBON REEL ROSIE,1,21/10/2011 12:52:00,2.08,12646,USA,,,,,,,,,,,,,,,,,,,,,,,,,,,,,,,,,,,,,,,,,,,,,,,,,,,,,,,,,,,,,,,,,,,,,,,,,,,,,,,,,,,,,,,,,,,,,,,,,,,,,,,,,,,,,,,,,,,,,,,,
572215,23366,SET 12 COLOURING PENCILS DOILY,1,21/10/2011 12:52:00,0.65,12646,USA,,,,,,,,,,,,,,,,,,,,,,,,,,,,,,,,,,,,,,,,,,,,,,,,,,,,,,,,,,,,,,,,,,,,,,,,,,,,,,,,,,,,,,,,,,,,,,,,,,,,,,,,,,,,,,,,,,,,,,,,
572215,22961,JAM MAKING SET PRINTED,1,21/10/2011 12:52:00,1.45,12646,USA,,,,,,,,,,,,,,,,,,,,,,,,,,,,,,,,,,,,,,,,,,,,,,,,,,,,,,,,,,,,,,,,,,,,,,,,,,,,,,,,,,,,,,,,,,,,,,,,,,,,,,,,,,,,,,,,,,,,,,,,
572215,23294,SET OF 6 SNACK LOAF BAKING CASES,1,21/10/2011 12:52:00,0.83,12646,USA,,,,,,,,,,,,,,,,,,,,,,,,,,,,,,,,,,,,,,,,,,,,,,,,,,,,,,,,,,,,,,,,,,,,,,,,,,,,,,,,,,,,,,,,,,,,,,,,,,,,,,,,,,,,,,,,,,,,,,,,
572215,22734,SET OF 6 RIBBONS VINTAGE CHRISTMAS,1,21/10/2011 12:52:00,2.89,12646,USA,,,,,,,,,,,,,,,,,,,,,,,,,,,,,,,,,,,,,,,,,,,,,,,,,,,,,,,,,,,,,,,,,,,,,,,,,,,,,,,,,,,,,,,,,,,,,,,,,,,,,,,,,,,,,,,,,,,,,,,,
572215,23245,SET OF 3 REGENCY CAKE TINS,1,21/10/2011 12:52:00,4.95,12646,USA,,,,,,,,,,,,,,,,,,,,,,,,,,,,,,,,,,,,,,,,,,,,,,,,,,,,,,,,,,,,,,,,,,,,,,,,,,,,,,,,,,,,,,,,,,,,,,,,,,,,,,,,,,,,,,,,,,,,,,,,
572215,23174,REGENCY SUGAR BOWL GREEN,1,21/10/2011 12:52:00,4.15,12646,USA,,,,,,,,,,,,,,,,,,,,,,,,,,,,,,,,,,,,,,,,,,,,,,,,,,,,,,,,,,,,,,,,,,,,,,,,,,,,,,,,,,,,,,,,,,,,,,,,,,,,,,,,,,,,,,,,,,,,,,,,
572215,23175,REGENCY MILK JUG PINK ,1,21/10/2011 12:52:00,3.25,12646,USA,,,,,,,,,,,,,,,,,,,,,,,,,,,,,,,,,,,,,,,,,,,,,,,,,,,,,,,,,,,,,,,,,,,,,,,,,,,,,,,,,,,,,,,,,,,,,,,,,,,,,,,,,,,,,,,,,,,,,,,,
580158,22712,CARD DOLLY GIRL ,1,02/12/2011 10:41:00,0.42,12558,USA,,,,,,,,,,,,,,,,,,,,,,,,,,,,,,,,,,,,,,,,,,,,,,,,,,,,,,,,,,,,,,,,,,,,,,,,,,,,,,,,,,,,,,,,,,,,,,,,,,,,,,,,,,,,,,,,,,,,,,,,
580158,23344,JUMBO BAG 50'S CHRISTMAS ,1,02/12/2011 10:41:00,2.08,12558,USA,,,,,,,,,,,,,,,,,,,,,,,,,,,,,,,,,,,,,,,,,,,,,,,,,,,,,,,,,,,,,,,,,,,,,,,,,,,,,,,,,,,,,,,,,,,,,,,,,,,,,,,,,,,,,,,,,,,,,,,,
580158,85099B,JUMBO BAG RED RETROSPOT,1,02/12/2011 10:41:00,2.08,12558,USA,,,,,,,,,,,,,,,,,,,,,,,,,,,,,,,,,,,,,,,,,,,,,,,,,,,,,,,,,,,,,,,,,,,,,,,,,,,,,,,,,,,,,,,,,,,,,,,,,,,,,,,,,,,,,,,,,,,,,,,,
580158,23209,LUNCH BAG VINTAGE DOILY ,1,02/12/2011 10:41:00,1.65,12558,USA,,,,,,,,,,,,,,,,,,,,,,,,,,,,,,,,,,,,,,,,,,,,,,,,,,,,,,,,,,,,,,,,,,,,,,,,,,,,,,,,,,,,,,,,,,,,,,,,,,,,,,,,,,,,,,,,,,,,,,,,
580158,79191C,RETRO PLASTIC ELEPHANT TRAY,1,02/12/2011 10:41:00,0.85,12558,USA,,,,,,,,,,,,,,,,,,,,,,,,,,,,,,,,,,,,,,,,,,,,,,,,,,,,,,,,,,,,,,,,,,,,,,,,,,,,,,,,,,,,,,,,,,,,,,,,,,,,,,,,,,,,,,,,,,,,,,,,
580158,23392,SPACEBOY ROCKET LOLLY MAKERS,1,02/12/2011 10:41:00,2.08,12558,USA,,,,,,,,,,,,,,,,,,,,,,,,,,,,,,,,,,,,,,,,,,,,,,,,,,,,,,,,,,,,,,,,,,,,,,,,,,,,,,,,,,,,,,,,,,,,,,,,,,,,,,,,,,,,,,,,,,,,,,,,
580158,84828,JUNGLE POPSICLES ICE LOLLY MOULDS,1,02/12/2011 10:41:00,1.25,12558,USA,,,,,,,,,,,,,,,,,,,,,,,,,,,,,,,,,,,,,,,,,,,,,,,,,,,,,,,,,,,,,,,,,,,,,,,,,,,,,,,,,,,,,,,,,,,,,,,,,,,,,,,,,,,,,,,,,,,,,,,,
580158,23158,SET OF 5 LUCKY CAT MAGNETS ,1,02/12/2011 10:41:00,2.08,12558,USA,,,,,,,,,,,,,,,,,,,,,,,,,,,,,,,,,,,,,,,,,,,,,,,,,,,,,,,,,,,,,,,,,,,,,,,,,,,,,,,,,,,,,,,,,,,,,,,,,,,,,,,,,,,,,,,,,,,,,,,,
580158,21507,ELEPHANT BIRTHDAY CARD ,1,02/12/2011 10:41:00,0.42,12558,USA,,,,,,,,,,,,,,,,,,,,,,,,,,,,,,,,,,,,,,,,,,,,,,,,,,,,,,,,,,,,,,,,,,,,,,,,,,,,,,,,,,,,,,,,,,,,,,,,,,,,,,,,,,,,,,,,,,,,,,,,
580158,21508,VINTAGE KID DOLLY CARD ,1,02/12/2011 10:41:00,0.42,12558,USA,,,,,,,,,,,,,,,,,,,,,,,,,,,,,,,,,,,,,,,,,,,,,,,,,,,,,,,,,,,,,,,,,,,,,,,,,,,,,,,,,,,,,,,,,,,,,,,,,,,,,,,,,,,,,,,,,,,,,,,,
580158,22027,TEA PARTY BIRTHDAY CARD,1,02/12/2011 10:41:00,0.42,12558,USA,,,,,,,,,,,,,,,,,,,,,,,,,,,,,,,,,,,,,,,,,,,,,,,,,,,,,,,,,,,,,,,,,,,,,,,,,,,,,,,,,,,,,,,,,,,,,,,,,,,,,,,,,,,,,,,,,,,,,,,,
580553,21242,RED RETROSPOT PLATE ,1,05/12/2011 10:14:00,1.69,12646,USA,,,,,,,,,,,,,,,,,,,,,,,,,,,,,,,,,,,,,,,,,,,,,,,,,,,,,,,,,,,,,,,,,,,,,,,,,,,,,,,,,,,,,,,,,,,,,,,,,,,,,,,,,,,,,,,,,,,,,,,,
580553,21243,PINK POLKADOT PLATE ,1,05/12/2011 10:14:00,1.69,12646,USA,,,,,,,,,,,,,,,,,,,,,,,,,,,,,,,,,,,,,,,,,,,,,,,,,,,,,,,,,,,,,,,,,,,,,,,,,,,,,,,,,,,,,,,,,,,,,,,,,,,,,,,,,,,,,,,,,,,,,,,,
580553,21245,GREEN POLKADOT PLATE ,1,05/12/2011 10:14:00,1.69,12646,USA,,,,,,,,,,,,,,,,,,,,,,,,,,,,,,,,,,,,,,,,,,,,,,,,,,,,,,,,,,,,,,,,,,,,,,,,,,,,,,,,,,,,,,,,,,,,,,,,,,,,,,,,,,,,,,,,,,,,,,,,
580553,21238,RED RETROSPOT CUP,1,05/12/2011 10:14:00,0.85,12646,USA,,,,,,,,,,,,,,,,,,,,,,,,,,,,,,,,,,,,,,,,,,,,,,,,,,,,,,,,,,,,,,,,,,,,,,,,,,,,,,,,,,,,,,,,,,,,,,,,,,,,,,,,,,,,,,,,,,,,,,,,
580553,21239,PINK  POLKADOT CUP,1,05/12/2011 10:14:00,0.85,12646,USA,,,,,,,,,,,,,,,,,,,,,,,,,,,,,,,,,,,,,,,,,,,,,,,,,,,,,,,,,,,,,,,,,,,,,,,,,,,,,,,,,,,,,,,,,,,,,,,,,,,,,,,,,,,,,,,,,,,,,,,,
580553,84997A,CHILDRENS CUTLERY POLKADOT GREEN ,1,05/12/2011 10:14:00,4.15,12646,USA,,,,,,,,,,,,,,,,,,,,,,,,,,,,,,,,,,,,,,,,,,,,,,,,,,,,,,,,,,,,,,,,,,,,,,,,,,,,,,,,,,,,,,,,,,,,,,,,,,,,,,,,,,,,,,,,,,,,,,,,
580553,84997C,CHILDRENS CUTLERY POLKADOT BLUE,1,05/12/2011 10:14:00,4.15,12646,USA,,,,,,,,,,,,,,,,,,,,,,,,,,,,,,,,,,,,,,,,,,,,,,,,,,,,,,,,,,,,,,,,,,,,,,,,,,,,,,,,,,,,,,,,,,,,,,,,,,,,,,,,,,,,,,,,,,,,,,,,
580553,84997B,CHILDRENS CUTLERY RETROSPOT RED ,1,05/12/2011 10:14:00,4.15,12646,USA,,,,,,,,,,,,,,,,,,,,,,,,,,,,,,,,,,,,,,,,,,,,,,,,,,,,,,,,,,,,,,,,,,,,,,,,,,,,,,,,,,,,,,,,,,,,,,,,,,,,,,,,,,,,,,,,,,,,,,,,
580553,84997D,CHILDRENS CUTLERY POLKADOT PINK,1,05/12/2011 10:14:00,4.15,12646,USA,,,,,,,,,,,,,,,,,,,,,,,,,,,,,,,,,,,,,,,,,,,,,,,,,,,,,,,,,,,,,,,,,,,,,,,,,,,,,,,,,,,,,,,,,,,,,,,,,,,,,,,,,,,,,,,,,,,,,,,,
580553,23328,SET 6 SCHOOL MILK BOTTLES IN CRATE,1,05/12/2011 10:14:00,3.39,12646,USA,,,,,,,,,,,,,,,,,,,,,,,,,,,,,,,,,,,,,,,,,,,,,,,,,,,,,,,,,,,,,,,,,,,,,,,,,,,,,,,,,,,,,,,,,,,,,,,,,,,,,,,,,,,,,,,,,,,,,,,,
580553,23366,SET 12 COLOURING PENCILS DOILY,1,05/12/2011 10:14:00,0.65,12646,USA,,,,,,,,,,,,,,,,,,,,,,,,,,,,,,,,,,,,,,,,,,,,,,,,,,,,,,,,,,,,,,,,,,,,,,,,,,,,,,,,,,,,,,,,,,,,,,,,,,,,,,,,,,,,,,,,,,,,,,,,
580553,23303,SET 4 PICNIC CUTLERY FONDANT,1,05/12/2011 10:14:00,1.95,12646,USA,,,,,,,,,,,,,,,,,,,,,,,,,,,,,,,,,,,,,,,,,,,,,,,,,,,,,,,,,,,,,,,,,,,,,,,,,,,,,,,,,,,,,,,,,,,,,,,,,,,,,,,,,,,,,,,,,,,,,,,,
580553,23305,SET 4 PICNIC CUTLERY BLUEBERRY,1,05/12/2011 10:14:00,1.95,12646,USA,,,,,,,,,,,,,,,,,,,,,,,,,,,,,,,,,,,,,,,,,,,,,,,,,,,,,,,,,,,,,,,,,,,,,,,,,,,,,,,,,,,,,,,,,,,,,,,,,,,,,,,,,,,,,,,,,,,,,,,,
580553,23304,SET 4 PICNIC CUTLERY CHERRY ,1,05/12/2011 10:14:00,1.95,12646,USA,,,,,,,,,,,,,,,,,,,,,,,,,,,,,,,,,,,,,,,,,,,,,,,,,,,,,,,,,,,,,,,,,,,,,,,,,,,,,,,,,,,,,,,,,,,,,,,,,,,,,,,,,,,,,,,,,,,,,,,,
580553,20677,PINK POLKADOT BOWL,1,05/12/2011 10:14:00,1.25,12646,USA,,,,,,,,,,,,,,,,,,,,,,,,,,,,,,,,,,,,,,,,,,,,,,,,,,,,,,,,,,,,,,,,,,,,,,,,,,,,,,,,,,,,,,,,,,,,,,,,,,,,,,,,,,,,,,,,,,,,,,,,
580553,20674,GREEN POLKADOT BOWL,1,05/12/2011 10:14:00,1.25,12646,USA,,,,,,,,,,,,,,,,,,,,,,,,,,,,,,,,,,,,,,,,,,,,,,,,,,,,,,,,,,,,,,,,,,,,,,,,,,,,,,,,,,,,,,,,,,,,,,,,,,,,,,,,,,,,,,,,,,,,,,,,
580553,20675,BLUE POLKADOT BOWL,1,05/12/2011 10:14:00,1.25,12646,USA,,,,,,,,,,,,,,,,,,,,,,,,,,,,,,,,,,,,,,,,,,,,,,,,,,,,,,,,,,,,,,,,,,,,,,,,,,,,,,,,,,,,,,,,,,,,,,,,,,,,,,,,,,,,,,,,,,,,,,,,
580553,20676,RED RETROSPOT BOWL,1,05/12/2011 10:14:00,1.25,12646,USA,,,,,,,,,,,,,,,,,,,,,,,,,,,,,,,,,,,,,,,,,,,,,,,,,,,,,,,,,,,,,,,,,,,,,,,,,,,,,,,,,,,,,,,,,,,,,,,,,,,,,,,,,,,,,,,,,,,,,,,,
580553,20975,12 PENCILS SMALL TUBE RED RETROSPOT,1,05/12/2011 10:14:00,0.65,12646,USA,,,,,,,,,,,,,,,,,,,,,,,,,,,,,,,,,,,,,,,,,,,,,,,,,,,,,,,,,,,,,,,,,,,,,,,,,,,,,,,,,,,,,,,,,,,,,,,,,,,,,,,,,,,,,,,,,,,,,,,,
580553,22083,PAPER CHAIN KIT RETROSPOT,1,05/12/2011 10:14:00,2.95,12646,USA,,,,,,,,,,,,,,,,,,,,,,,,,,,,,,,,,,,,,,,,,,,,,,,,,,,,,,,,,,,,,,,,,,,,,,,,,,,,,,,,,,,,,,,,,,,,,,,,,,,,,,,,,,,,,,,,,,,,,,,,
580553,21240,BLUE POLKADOT CUP,1,05/12/2011 10:14:00,0.85,12646,USA,,,,,,,,,,,,,,,,,,,,,,,,,,,,,,,,,,,,,,,,,,,,,,,,,,,,,,,,,,,,,,,,,,,,,,,,,,,,,,,,,,,,,,,,,,,,,,,,,,,,,,,,,,,,,,,,,,,,,,,,
C581229,85099B,JUMBO BAG RED RETROSPOT,1,08/12/2011 10:14:00,2.08,12558,USA,,,,,,,,,,,,,,,,,,,,,,,,,,,,,,,,,,,,,,,,,,,,,,,,,,,,,,,,,,,,,,,,,,,,,,,,,,,,,,,,,,,,,,,,,,,,,,,,,,,,,,,,,,,,,,,,,,,,,,,,
C581229,84828,JUNGLE POPSICLES ICE LOLLY MOULDS,1,08/12/2011 10:14:00,1.25,12558,USA,,,,,,,,,,,,,,,,,,,,,,,,,,,,,,,,,,,,,,,,,,,,,,,,,,,,,,,,,,,,,,,,,,,,,,,,,,,,,,,,,,,,,,,,,,,,,,,,,,,,,,,,,,,,,,,,,,,,,,,,
C581229,79191C,RETRO PLASTIC ELEPHANT TRAY,1,08/12/2011 10:14:00,0.85,12558,USA,,,,,,,,,,,,,,,,,,,,,,,,,,,,,,,,,,,,,,,,,,,,,,,,,,,,,,,,,,,,,,,,,,,,,,,,,,,,,,,,,,,,,,,,,,,,,,,,,,,,,,,,,,,,,,,,,,,,,,,,
C581229,23392,SPACEBOY ROCKET LOLLY MAKERS,1,08/12/2011 10:14:00,2.08,12558,USA,,,,,,,,,,,,,,,,,,,,,,,,,,,,,,,,,,,,,,,,,,,,,,,,,,,,,,,,,,,,,,,,,,,,,,,,,,,,,,,,,,,,,,,,,,,,,,,,,,,,,,,,,,,,,,,,,,,,,,,,
C581229,23344,JUMBO BAG 50'S CHRISTMAS ,1,08/12/2011 10:14:00,2.08,12558,USA,,,,,,,,,,,,,,,,,,,,,,,,,,,,,,,,,,,,,,,,,,,,,,,,,,,,,,,,,,,,,,,,,,,,,,,,,,,,,,,,,,,,,,,,,,,,,,,,,,,,,,,,,,,,,,,,,,,,,,,,
C581229,23209,LUNCH BAG VINTAGE DOILY ,1,08/12/2011 10:14:00,1.65,12558,USA,,,,,,,,,,,,,,,,,,,,,,,,,,,,,,,,,,,,,,,,,,,,,,,,,,,,,,,,,,,,,,,,,,,,,,,,,,,,,,,,,,,,,,,,,,,,,,,,,,,,,,,,,,,,,,,,,,,,,,,,
C581229,23158,SET OF 5 LUCKY CAT MAGNETS ,1,08/12/2011 10:14:00,2.08,12558,USA,,,,,,,,,,,,,,,,,,,,,,,,,,,,,,,,,,,,,,,,,,,,,,,,,,,,,,,,,,,,,,,,,,,,,,,,,,,,,,,,,,,,,,,,,,,,,,,,,,,,,,,,,,,,,,,,,,,,,,,,
C581229,22712,CARD DOLLY GIRL ,1,08/12/2011 10:14:00,0.42,12558,USA,,,,,,,,,,,,,,,,,,,,,,,,,,,,,,,,,,,,,,,,,,,,,,,,,,,,,,,,,,,,,,,,,,,,,,,,,,,,,,,,,,,,,,,,,,,,,,,,,,,,,,,,,,,,,,,,,,,,,,,,
C581229,22027,TEA PARTY BIRTHDAY CARD,1,08/12/2011 10:14:00,0.42,12558,USA,,,,,,,,,,,,,,,,,,,,,,,,,,,,,,,,,,,,,,,,,,,,,,,,,,,,,,,,,,,,,,,,,,,,,,,,,,,,,,,,,,,,,,,,,,,,,,,,,,,,,,,,,,,,,,,,,,,,,,,,
C581229,21508,VINTAGE KID DOLLY CARD ,1,08/12/2011 10:14:00,0.42,12558,USA,,,,,,,,,,,,,,,,,,,,,,,,,,,,,,,,,,,,,,,,,,,,,,,,,,,,,,,,,,,,,,,,,,,,,,,,,,,,,,,,,,,,,,,,,,,,,,,,,,,,,,,,,,,,,,,,,,,,,,,,
C581229,21507,ELEPHANT BIRTHDAY CARD ,1,08/12/2011 10:14:00,0.42,12558,USA,,,,,,,,,,,,,,,,,,,,,,,,,,,,,,,,,,,,,,,,,,,,,,,,,,,,,,,,,,,,,,,,,,,,,,,,,,,,,,,,,,,,,,,,,,,,,,,,,,,,,,,,,,,,,,,,,,,,,,,,
